PassengerId,Survived,Age,Fare,SibSp,Parch,Embarked,Sex,Pclass,Age + Fare,Age + Parch,Age + SibSp,Fare + Parch,Fare + SibSp,Parch + SibSp,Age * Fare,Age * Parch,Age * SibSp,Fare * Parch,Fare * SibSp,Parch * SibSp
833,0,,7.2292,0,0,C,male,3,,,,7.2292,7.2292,0,,,,0.0,0.0,0
266,0,36.0,10.5,0,0,S,male,2,46.5,36.0,36.0,10.5,10.5,0,378.0,0.0,0.0,0.0,0.0,0
214,0,30.0,13.0,0,0,S,male,2,43.0,30.0,30.0,13.0,13.0,0,390.0,0.0,0.0,0.0,0.0,0
680,1,36.0,512.3292,0,1,C,male,1,548.3292,37.0,36.0,513.3292,512.3292,1,18443.8512,36.0,0.0,512.3292,0.0,0
7,0,54.0,51.8625,0,0,S,male,1,105.8625,54.0,54.0,51.8625,51.8625,0,2800.575,0.0,0.0,0.0,0.0,0
87,0,16.0,34.375,1,3,S,male,3,50.375,19.0,17.0,37.375,35.375,4,550.0,48.0,16.0,103.125,34.375,3
228,0,20.5,7.25,0,0,S,male,3,27.75,20.5,20.5,7.25,7.25,0,148.625,0.0,0.0,0.0,0.0,0
104,0,33.0,8.6542,0,0,S,male,3,41.6542,33.0,33.0,8.6542,8.6542,0,285.5886,0.0,0.0,0.0,0.0,0
178,0,50.0,28.7125,0,0,C,female,1,78.7125,50.0,50.0,28.7125,28.7125,0,1435.625,0.0,0.0,0.0,0.0,0
768,0,30.5,7.75,0,0,Q,female,3,38.25,30.5,30.5,7.75,7.75,0,236.375,0.0,0.0,0.0,0.0,0
383,0,32.0,7.925,0,0,S,male,3,39.925,32.0,32.0,7.925,7.925,0,253.6,0.0,0.0,0.0,0.0,0
477,0,34.0,21.0,1,0,S,male,2,55.0,34.0,35.0,21.0,22.0,1,714.0,0.0,34.0,0.0,21.0,0
103,0,21.0,77.2875,0,1,S,male,1,98.2875,22.0,21.0,78.2875,77.2875,1,1623.0375,21.0,0.0,77.2875,0.0,0
345,0,36.0,13.0,0,0,S,male,2,49.0,36.0,36.0,13.0,13.0,0,468.0,0.0,0.0,0.0,0.0,0
379,0,20.0,4.0125,0,0,C,male,3,24.0125,20.0,20.0,4.0125,4.0125,0,80.25,0.0,0.0,0.0,0.0,0
74,0,26.0,14.4542,1,0,C,male,3,40.4542,26.0,27.0,14.4542,15.4542,1,375.80920000000003,0.0,26.0,0.0,14.4542,0
385,0,,7.8958,0,0,S,male,3,,,,7.8958,7.8958,0,,,,0.0,0.0,0
222,0,27.0,13.0,0,0,S,male,2,40.0,27.0,27.0,13.0,13.0,0,351.0,0.0,0.0,0.0,0.0,0
475,0,22.0,9.8375,0,0,S,female,3,31.8375,22.0,22.0,9.8375,9.8375,0,216.425,0.0,0.0,0.0,0.0,0
80,1,30.0,12.475,0,0,S,female,3,42.475,30.0,30.0,12.475,12.475,0,374.25,0.0,0.0,0.0,0.0,0
814,0,6.0,31.275,4,2,S,female,3,37.275,8.0,10.0,33.275,35.275,6,187.64999999999998,12.0,24.0,62.55,125.1,8
857,1,45.0,164.8667,1,1,S,female,1,209.8667,46.0,46.0,165.8667,165.8667,2,7419.0015,45.0,45.0,164.8667,164.8667,1
65,0,,27.7208,0,0,C,male,1,,,,27.7208,27.7208,0,,,,0.0,0.0,0
809,0,39.0,13.0,0,0,S,male,2,52.0,39.0,39.0,13.0,13.0,0,507.0,0.0,0.0,0.0,0.0,0
225,1,38.0,90.0,1,0,S,male,1,128.0,38.0,39.0,90.0,91.0,1,3420.0,0.0,38.0,0.0,90.0,0
10,1,14.0,30.0708,1,0,C,female,2,44.0708,14.0,15.0,30.0708,31.0708,1,420.9912,0.0,14.0,0.0,30.0708,0
635,0,9.0,27.9,3,2,S,female,3,36.9,11.0,12.0,29.9,30.9,5,251.1,18.0,27.0,55.8,83.69999999999999,6
655,0,18.0,6.75,0,0,Q,female,3,24.75,18.0,18.0,6.75,6.75,0,121.5,0.0,0.0,0.0,0.0,0
211,0,24.0,7.05,0,0,S,male,3,31.05,24.0,24.0,7.05,7.05,0,169.2,0.0,0.0,0.0,0.0,0
717,1,38.0,227.525,0,0,C,female,1,265.525,38.0,38.0,227.525,227.525,0,8645.95,0.0,0.0,0.0,0.0,0
616,1,24.0,65.0,1,2,S,female,2,89.0,26.0,25.0,67.0,66.0,3,1560.0,48.0,24.0,130.0,65.0,2
450,1,52.0,30.5,0,0,S,male,1,82.5,52.0,52.0,30.5,30.5,0,1586.0,0.0,0.0,0.0,0.0,0
375,0,3.0,21.075,3,1,S,female,3,24.075,4.0,6.0,22.075,24.075,4,63.224999999999994,3.0,9.0,21.075,63.224999999999994,3
805,1,27.0,6.975,0,0,S,male,3,33.975,27.0,27.0,6.975,6.975,0,188.325,0.0,0.0,0.0,0.0,0
843,1,30.0,31.0,0,0,C,female,1,61.0,30.0,30.0,31.0,31.0,0,930.0,0.0,0.0,0.0,0.0,0
377,1,22.0,7.25,0,0,S,female,3,29.25,22.0,22.0,7.25,7.25,0,159.5,0.0,0.0,0.0,0.0,0
327,0,61.0,6.2375,0,0,S,male,3,67.2375,61.0,61.0,6.2375,6.2375,0,380.4875,0.0,0.0,0.0,0.0,0
432,1,,16.1,1,0,S,female,3,,,,16.1,17.1,1,,,,0.0,16.1,0
575,0,16.0,8.05,0,0,S,male,3,24.05,16.0,16.0,8.05,8.05,0,128.8,0.0,0.0,0.0,0.0,0
849,0,28.0,33.0,0,1,S,male,2,61.0,29.0,28.0,34.0,33.0,1,924.0,28.0,0.0,33.0,0.0,0
708,1,42.0,26.2875,0,0,S,male,1,68.2875,42.0,42.0,26.2875,26.2875,0,1104.075,0.0,0.0,0.0,0.0,0
367,1,60.0,75.25,1,0,C,female,1,135.25,60.0,61.0,75.25,76.25,1,4515.0,0.0,60.0,0.0,75.25,0
529,0,39.0,7.925,0,0,S,male,3,46.925,39.0,39.0,7.925,7.925,0,309.075,0.0,0.0,0.0,0.0,0
57,1,21.0,10.5,0,0,S,female,2,31.5,21.0,21.0,10.5,10.5,0,220.5,0.0,0.0,0.0,0.0,0
642,1,24.0,69.3,0,0,C,female,1,93.3,24.0,24.0,69.3,69.3,0,1663.1999999999998,0.0,0.0,0.0,0.0,0
352,0,,35.0,0,0,S,male,1,,,,35.0,35.0,0,,,,0.0,0.0,0
854,1,16.0,39.4,0,1,S,female,1,55.4,17.0,16.0,40.4,39.4,1,630.4,16.0,0.0,39.4,0.0,0
44,1,3.0,41.5792,1,2,C,female,2,44.5792,5.0,4.0,43.5792,42.5792,3,124.7376,6.0,3.0,83.1584,41.5792,2
863,1,48.0,25.9292,0,0,S,female,1,73.92920000000001,48.0,48.0,25.9292,25.9292,0,1244.6016,0.0,0.0,0.0,0.0,0
693,1,,56.4958,0,0,S,male,3,,,,56.4958,56.4958,0,,,,0.0,0.0,0
62,1,38.0,80.0,0,0,,female,1,118.0,38.0,38.0,80.0,80.0,0,3040.0,0.0,0.0,0.0,0.0,0
302,1,,23.25,2,0,Q,male,3,,,,23.25,25.25,2,,,,0.0,46.5,0
17,0,2.0,29.125,4,1,Q,male,3,31.125,3.0,6.0,30.125,33.125,5,58.25,2.0,8.0,29.125,116.5,4
701,1,18.0,227.525,1,0,C,female,1,245.525,18.0,19.0,227.525,228.525,1,4095.4500000000003,0.0,18.0,0.0,227.525,0
64,0,4.0,27.9,3,2,S,male,3,31.9,6.0,7.0,29.9,30.9,5,111.6,8.0,12.0,55.8,83.69999999999999,6
846,0,42.0,7.55,0,0,S,male,3,49.55,42.0,42.0,7.55,7.55,0,317.09999999999997,0.0,0.0,0.0,0.0,0
43,0,,7.8958,0,0,C,male,3,,,,7.8958,7.8958,0,,,,0.0,0.0,0
480,1,2.0,12.2875,0,1,S,female,3,14.2875,3.0,2.0,13.2875,12.2875,1,24.575,2.0,0.0,12.2875,0.0,0
600,1,49.0,56.9292,1,0,C,male,1,105.92920000000001,49.0,50.0,56.9292,57.9292,1,2789.5308,0.0,49.0,0.0,56.9292,0
261,0,,7.75,0,0,Q,male,3,,,,7.75,7.75,0,,,,0.0,0.0,0
310,1,30.0,56.9292,0,0,C,female,1,86.92920000000001,30.0,30.0,56.9292,56.9292,0,1707.876,0.0,0.0,0.0,0.0,0
30,0,,7.8958,0,0,S,male,3,,,,7.8958,7.8958,0,,,,0.0,0.0,0
698,1,,7.7333,0,0,Q,female,3,,,,7.7333,7.7333,0,,,,0.0,0.0,0
780,1,43.0,211.3375,0,1,S,female,1,254.3375,44.0,43.0,212.3375,211.3375,1,9087.5125,43.0,0.0,211.3375,0.0,0
224,0,,7.8958,0,0,S,male,3,,,,7.8958,7.8958,0,,,,0.0,0.0,0
262,1,3.0,31.3875,4,2,S,male,3,34.3875,5.0,7.0,33.3875,35.3875,6,94.1625,6.0,12.0,62.775,125.55,8
411,0,,7.8958,0,0,S,male,3,,,,7.8958,7.8958,0,,,,0.0,0.0,0
14,0,39.0,31.275,1,5,S,male,3,70.275,44.0,40.0,36.275,32.275,6,1219.725,195.0,39.0,156.375,31.275,5
716,0,19.0,7.65,0,0,S,male,3,26.65,19.0,19.0,7.65,7.65,0,145.35,0.0,0.0,0.0,0.0,0
858,1,51.0,26.55,0,0,S,male,1,77.55,51.0,51.0,26.55,26.55,0,1354.05,0.0,0.0,0.0,0.0,0
711,1,24.0,49.5042,0,0,C,female,1,73.5042,24.0,24.0,49.5042,49.5042,0,1188.1008,0.0,0.0,0.0,0.0,0
235,0,24.0,10.5,0,0,S,male,2,34.5,24.0,24.0,10.5,10.5,0,252.0,0.0,0.0,0.0,0.0,0
525,0,,7.2292,0,0,C,male,3,,,,7.2292,7.2292,0,,,,0.0,0.0,0
460,0,,7.75,0,0,Q,male,3,,,,7.75,7.75,0,,,,0.0,0.0,0
599,0,,7.225,0,0,C,male,3,,,,7.225,7.225,0,,,,0.0,0.0,0
687,0,14.0,39.6875,4,1,S,male,3,53.6875,15.0,18.0,40.6875,43.6875,5,555.625,14.0,56.0,39.6875,158.75,4
201,0,28.0,9.5,0,0,S,male,3,37.5,28.0,28.0,9.5,9.5,0,266.0,0.0,0.0,0.0,0.0,0
476,0,,52.0,0,0,S,male,1,,,,52.0,52.0,0,,,,0.0,0.0,0
496,0,,14.4583,0,0,C,male,3,,,,14.4583,14.4583,0,,,,0.0,0.0,0
686,0,25.0,41.5792,1,2,C,male,2,66.5792,27.0,26.0,43.5792,42.5792,3,1039.48,50.0,25.0,83.1584,41.5792,2
69,1,17.0,7.925,4,2,S,female,3,24.925,19.0,21.0,9.925,11.925,6,134.725,34.0,68.0,15.85,31.7,8
782,1,17.0,57.0,1,0,S,female,1,74.0,17.0,18.0,57.0,58.0,1,969.0,0.0,17.0,0.0,57.0,0
448,1,34.0,26.55,0,0,S,male,1,60.55,34.0,34.0,26.55,26.55,0,902.7,0.0,0.0,0.0,0.0,0
250,0,54.0,26.0,1,0,S,male,2,80.0,54.0,55.0,26.0,27.0,1,1404.0,0.0,54.0,0.0,26.0,0
191,1,32.0,13.0,0,0,S,female,2,45.0,32.0,32.0,13.0,13.0,0,416.0,0.0,0.0,0.0,0.0,0
192,0,19.0,13.0,0,0,S,male,2,32.0,19.0,19.0,13.0,13.0,0,247.0,0.0,0.0,0.0,0.0,0
269,1,58.0,153.4625,0,1,S,female,1,211.4625,59.0,58.0,154.4625,153.4625,1,8900.825,58.0,0.0,153.4625,0.0,0
174,0,21.0,7.925,0,0,S,male,3,28.925,21.0,21.0,7.925,7.925,0,166.42499999999998,0.0,0.0,0.0,0.0,0
742,0,36.0,78.85,1,0,S,male,1,114.85,36.0,37.0,78.85,79.85,1,2838.6,0.0,36.0,0.0,78.85,0
318,0,54.0,14.0,0,0,S,male,2,68.0,54.0,54.0,14.0,14.0,0,756.0,0.0,0.0,0.0,0.0,0
563,0,28.0,13.5,0,0,S,male,2,41.5,28.0,28.0,13.5,13.5,0,378.0,0.0,0.0,0.0,0.0,0
92,0,20.0,7.8542,0,0,S,male,3,27.8542,20.0,20.0,7.8542,7.8542,0,157.084,0.0,0.0,0.0,0.0,0
461,1,48.0,26.55,0,0,S,male,1,74.55,48.0,48.0,26.55,26.55,0,1274.4,0.0,0.0,0.0,0.0,0
727,1,30.0,21.0,3,0,S,female,2,51.0,30.0,33.0,21.0,24.0,3,630.0,0.0,90.0,0.0,63.0,0
763,1,20.0,7.2292,0,0,C,male,3,27.2292,20.0,20.0,7.2292,7.2292,0,144.584,0.0,0.0,0.0,0.0,0
67,1,29.0,10.5,0,0,S,female,2,39.5,29.0,29.0,10.5,10.5,0,304.5,0.0,0.0,0.0,0.0,0
99,1,34.0,23.0,0,1,S,female,2,57.0,35.0,34.0,24.0,23.0,1,782.0,34.0,0.0,23.0,0.0,0
581,1,25.0,30.0,1,1,S,female,2,55.0,26.0,26.0,31.0,31.0,2,750.0,25.0,25.0,30.0,30.0,1
54,1,29.0,26.0,1,0,S,female,2,55.0,29.0,30.0,26.0,27.0,1,754.0,0.0,29.0,0.0,26.0,0
737,0,48.0,34.375,1,3,S,female,3,82.375,51.0,49.0,37.375,35.375,4,1650.0,144.0,48.0,103.125,34.375,3
361,0,40.0,27.9,1,4,S,male,3,67.9,44.0,41.0,31.9,28.9,5,1116.0,160.0,40.0,111.6,27.9,4
393,0,28.0,7.925,2,0,S,male,3,35.925,28.0,30.0,7.925,9.925,2,221.9,0.0,56.0,0.0,15.85,0
566,0,24.0,24.15,2,0,S,male,3,48.15,24.0,26.0,24.15,26.15,2,579.5999999999999,0.0,48.0,0.0,48.3,0
304,1,,12.35,0,0,Q,female,2,,,,12.35,12.35,0,,,,0.0,0.0,0
72,0,16.0,46.9,5,2,S,female,3,62.9,18.0,21.0,48.9,51.9,7,750.4,32.0,80.0,93.8,234.5,10
282,0,28.0,7.8542,0,0,S,male,3,35.8542,28.0,28.0,7.8542,7.8542,0,219.9176,0.0,0.0,0.0,0.0,0
184,1,1.0,39.0,2,1,S,male,2,40.0,2.0,3.0,40.0,41.0,3,39.0,1.0,2.0,39.0,78.0,2
831,1,15.0,14.4542,1,0,C,female,3,29.4542,15.0,16.0,14.4542,15.4542,1,216.813,0.0,15.0,0.0,14.4542,0
203,0,34.0,6.4958,0,0,S,male,3,40.4958,34.0,34.0,6.4958,6.4958,0,220.8572,0.0,0.0,0.0,0.0,0
469,0,,7.725,0,0,Q,male,3,,,,7.725,7.725,0,,,,0.0,0.0,0
20,1,,7.225,0,0,C,female,3,,,,7.225,7.225,0,,,,0.0,0.0,0
151,0,51.0,12.525,0,0,S,male,2,63.525,51.0,51.0,12.525,12.525,0,638.775,0.0,0.0,0.0,0.0,0
712,0,,26.55,0,0,S,male,1,,,,26.55,26.55,0,,,,0.0,0.0,0
699,0,49.0,110.8833,1,1,C,male,1,159.88330000000002,50.0,50.0,111.8833,111.8833,2,5433.2817000000005,49.0,49.0,110.8833,110.8833,1
558,0,,227.525,0,0,C,male,1,,,,227.525,227.525,0,,,,0.0,0.0,0
429,0,,7.75,0,0,Q,male,3,,,,7.75,7.75,0,,,,0.0,0.0,0
190,0,36.0,7.8958,0,0,S,male,3,43.8958,36.0,36.0,7.8958,7.8958,0,284.2488,0.0,0.0,0.0,0.0,0
779,0,,7.7375,0,0,Q,male,3,,,,7.7375,7.7375,0,,,,0.0,0.0,0
747,0,16.0,20.25,1,1,S,male,3,36.25,17.0,17.0,21.25,21.25,2,324.0,16.0,16.0,20.25,20.25,1
864,0,,69.55,8,2,S,female,3,,,,71.55,77.55,10,,,,139.1,556.4,16
770,0,32.0,8.3625,0,0,S,male,3,40.3625,32.0,32.0,8.3625,8.3625,0,267.6,0.0,0.0,0.0,0.0,0
148,0,9.0,34.375,2,2,S,female,3,43.375,11.0,11.0,36.375,36.375,4,309.375,18.0,18.0,68.75,68.75,4
791,0,,7.75,0,0,Q,male,3,,,,7.75,7.75,0,,,,0.0,0.0,0
650,1,23.0,7.55,0,0,S,female,3,30.55,23.0,23.0,7.55,7.55,0,173.65,0.0,0.0,0.0,0.0,0
75,1,32.0,56.4958,0,0,S,male,3,88.4958,32.0,32.0,56.4958,56.4958,0,1807.8656,0.0,0.0,0.0,0.0,0
710,1,,15.2458,1,1,C,male,3,,,,16.2458,16.2458,2,,,,15.2458,15.2458,1
824,1,27.0,12.475,0,1,S,female,3,39.475,28.0,27.0,13.475,12.475,1,336.825,27.0,0.0,12.475,0.0,0
723,0,34.0,13.0,0,0,S,male,2,47.0,34.0,34.0,13.0,13.0,0,442.0,0.0,0.0,0.0,0.0,0
572,1,53.0,51.4792,2,0,S,female,1,104.47919999999999,53.0,55.0,51.4792,53.4792,2,2728.3976,0.0,106.0,0.0,102.9584,0
220,0,30.0,10.5,0,0,S,male,2,40.5,30.0,30.0,10.5,10.5,0,315.0,0.0,0.0,0.0,0.0,0
397,0,31.0,7.8542,0,0,S,female,3,38.8542,31.0,31.0,7.8542,7.8542,0,243.4802,0.0,0.0,0.0,0.0,0
761,0,,14.5,0,0,S,male,3,,,,14.5,14.5,0,,,,0.0,0.0,0
164,0,17.0,8.6625,0,0,S,male,3,25.6625,17.0,17.0,8.6625,8.6625,0,147.2625,0.0,0.0,0.0,0.0,0
428,1,19.0,26.0,0,0,S,female,2,45.0,19.0,19.0,26.0,26.0,0,494.0,0.0,0.0,0.0,0.0,0
233,0,59.0,13.5,0,0,S,male,2,72.5,59.0,59.0,13.5,13.5,0,796.5,0.0,0.0,0.0,0.0,0
697,0,44.0,8.05,0,0,S,male,3,52.05,44.0,44.0,8.05,8.05,0,354.20000000000005,0.0,0.0,0.0,0.0,0
631,1,80.0,30.0,0,0,S,male,1,110.0,80.0,80.0,30.0,30.0,0,2400.0,0.0,0.0,0.0,0.0,0
175,0,56.0,30.6958,0,0,C,male,1,86.69579999999999,56.0,56.0,30.6958,30.6958,0,1718.9648,0.0,0.0,0.0,0.0,0
264,0,40.0,0.0,0,0,S,male,1,40.0,40.0,40.0,0.0,0.0,0,0.0,0.0,0.0,0.0,0.0,0
9,1,27.0,11.1333,0,2,S,female,3,38.1333,29.0,27.0,13.1333,11.1333,2,300.5991,54.0,0.0,22.2666,0.0,0
430,1,32.0,8.05,0,0,S,male,3,40.05,32.0,32.0,8.05,8.05,0,257.6,0.0,0.0,0.0,0.0,0
206,0,2.0,10.4625,0,1,S,female,3,12.4625,3.0,2.0,11.4625,10.4625,1,20.925,2.0,0.0,10.4625,0.0,0
819,0,43.0,6.45,0,0,S,male,3,49.45,43.0,43.0,6.45,6.45,0,277.35,0.0,0.0,0.0,0.0,0
648,1,56.0,35.5,0,0,C,male,1,91.5,56.0,56.0,35.5,35.5,0,1988.0,0.0,0.0,0.0,0.0,0
392,1,21.0,7.7958,0,0,S,male,3,28.7958,21.0,21.0,7.7958,7.7958,0,163.71179999999998,0.0,0.0,0.0,0.0,0
313,0,26.0,26.0,1,1,S,female,2,52.0,27.0,27.0,27.0,27.0,2,676.0,26.0,26.0,26.0,26.0,1
750,0,31.0,7.75,0,0,Q,male,3,38.75,31.0,31.0,7.75,7.75,0,240.25,0.0,0.0,0.0,0.0,0
194,1,3.0,26.0,1,1,S,male,2,29.0,4.0,4.0,27.0,27.0,2,78.0,3.0,3.0,26.0,26.0,1
342,1,24.0,263.0,3,2,S,female,1,287.0,26.0,27.0,265.0,266.0,5,6312.0,48.0,72.0,526.0,789.0,6
690,1,15.0,211.3375,0,1,S,female,1,226.3375,16.0,15.0,212.3375,211.3375,1,3170.0625,15.0,0.0,211.3375,0.0,0
21,0,35.0,26.0,0,0,S,male,2,61.0,35.0,35.0,26.0,26.0,0,910.0,0.0,0.0,0.0,0.0,0
501,0,17.0,8.6625,0,0,S,male,3,25.6625,17.0,17.0,8.6625,8.6625,0,147.2625,0.0,0.0,0.0,0.0,0
792,0,16.0,26.0,0,0,S,male,2,42.0,16.0,16.0,26.0,26.0,0,416.0,0.0,0.0,0.0,0.0,0
808,0,18.0,7.775,0,0,S,female,3,25.775,18.0,18.0,7.775,7.775,0,139.95000000000002,0.0,0.0,0.0,0.0,0
584,0,36.0,40.125,0,0,C,male,1,76.125,36.0,36.0,40.125,40.125,0,1444.5,0.0,0.0,0.0,0.0,0
26,1,38.0,31.3875,1,5,S,female,3,69.3875,43.0,39.0,36.3875,32.3875,6,1192.725,190.0,38.0,156.9375,31.3875,5
769,0,,24.15,1,0,Q,male,3,,,,24.15,25.15,1,,,,0.0,24.15,0
239,0,19.0,10.5,0,0,S,male,2,29.5,19.0,19.0,10.5,10.5,0,199.5,0.0,0.0,0.0,0.0,0
37,1,,7.2292,0,0,C,male,3,,,,7.2292,7.2292,0,,,,0.0,0.0,0
564,0,,8.05,0,0,S,male,3,,,,8.05,8.05,0,,,,0.0,0.0,0
744,0,24.0,16.1,1,0,S,male,3,40.1,24.0,25.0,16.1,17.1,1,386.40000000000003,0.0,24.0,0.0,16.1,0
2,1,38.0,71.2833,1,0,C,female,1,109.2833,38.0,39.0,71.2833,72.2833,1,2708.7653999999998,0.0,38.0,0.0,71.2833,0
259,1,35.0,512.3292,0,0,C,female,1,547.3292,35.0,35.0,512.3292,512.3292,0,17931.522,0.0,0.0,0.0,0.0,0
639,0,41.0,39.6875,0,5,S,female,3,80.6875,46.0,41.0,44.6875,39.6875,5,1627.1875,205.0,0.0,198.4375,0.0,0
85,1,17.0,10.5,0,0,S,female,2,27.5,17.0,17.0,10.5,10.5,0,178.5,0.0,0.0,0.0,0.0,0
373,0,19.0,8.05,0,0,S,male,3,27.05,19.0,19.0,8.05,8.05,0,152.95000000000002,0.0,0.0,0.0,0.0,0
612,0,,7.05,0,0,S,male,3,,,,7.05,7.05,0,,,,0.0,0.0,0
197,0,,7.75,0,0,Q,male,3,,,,7.75,7.75,0,,,,0.0,0.0,0
490,1,9.0,15.9,1,1,S,male,3,24.9,10.0,10.0,16.9,16.9,2,143.1,9.0,9.0,15.9,15.9,1
319,1,31.0,164.8667,0,2,S,female,1,195.8667,33.0,31.0,166.8667,164.8667,2,5110.867700000001,62.0,0.0,329.7334,0.0,0
253,0,62.0,26.55,0,0,S,male,1,88.55,62.0,62.0,26.55,26.55,0,1646.1000000000001,0.0,0.0,0.0,0.0,0
401,1,39.0,7.925,0,0,S,male,3,46.925,39.0,39.0,7.925,7.925,0,309.075,0.0,0.0,0.0,0.0,0
46,0,,8.05,0,0,S,male,3,,,,8.05,8.05,0,,,,0.0,0.0,0
497,1,54.0,78.2667,1,0,C,female,1,132.26670000000001,54.0,55.0,78.2667,79.2667,1,4226.4018,0.0,54.0,0.0,78.2667,0
353,0,15.0,7.2292,1,1,C,male,3,22.2292,16.0,16.0,8.229199999999999,8.229199999999999,2,108.43799999999999,15.0,15.0,7.2292,7.2292,1
888,1,19.0,30.0,0,0,S,female,1,49.0,19.0,19.0,30.0,30.0,0,570.0,0.0,0.0,0.0,0.0,0
459,1,50.0,10.5,0,0,S,female,2,60.5,50.0,50.0,10.5,10.5,0,525.0,0.0,0.0,0.0,0.0,0
764,1,36.0,120.0,1,2,S,female,1,156.0,38.0,37.0,122.0,121.0,3,4320.0,72.0,36.0,240.0,120.0,2
243,0,29.0,10.5,0,0,S,male,2,39.5,29.0,29.0,10.5,10.5,0,304.5,0.0,0.0,0.0,0.0,0
593,0,47.0,7.25,0,0,S,male,3,54.25,47.0,47.0,7.25,7.25,0,340.75,0.0,0.0,0.0,0.0,0
474,1,23.0,13.7917,0,0,C,female,2,36.7917,23.0,23.0,13.7917,13.7917,0,317.20910000000003,0.0,0.0,0.0,0.0,0
154,0,40.5,14.5,0,2,S,male,3,55.0,42.5,40.5,16.5,14.5,2,587.25,81.0,0.0,29.0,0.0,0
283,0,16.0,9.5,0,0,S,male,3,25.5,16.0,16.0,9.5,9.5,0,152.0,0.0,0.0,0.0,0.0,0
265,0,,7.75,0,0,Q,female,3,,,,7.75,7.75,0,,,,0.0,0.0,0
681,0,,8.1375,0,0,Q,female,3,,,,8.1375,8.1375,0,,,,0.0,0.0,0
232,0,29.0,7.775,0,0,S,male,3,36.775,29.0,29.0,7.775,7.775,0,225.47500000000002,0.0,0.0,0.0,0.0,0
196,1,58.0,146.5208,0,0,C,female,1,204.5208,58.0,58.0,146.5208,146.5208,0,8498.206400000001,0.0,0.0,0.0,0.0,0
816,0,,0.0,0,0,S,male,1,,,,0.0,0.0,0,,,,0.0,0.0,0
696,0,52.0,13.5,0,0,S,male,2,65.5,52.0,52.0,13.5,13.5,0,702.0,0.0,0.0,0.0,0.0,0
161,0,44.0,16.1,0,1,S,male,3,60.1,45.0,44.0,17.1,16.1,1,708.4000000000001,44.0,0.0,16.1,0.0,0
544,1,32.0,26.0,1,0,S,male,2,58.0,32.0,33.0,26.0,27.0,1,832.0,0.0,32.0,0.0,26.0,0
547,1,19.0,26.0,1,0,S,female,2,45.0,19.0,20.0,26.0,27.0,1,494.0,0.0,19.0,0.0,26.0,0
514,1,54.0,59.4,1,0,C,female,1,113.4,54.0,55.0,59.4,60.4,1,3207.6,0.0,54.0,0.0,59.4,0
351,0,23.0,9.225,0,0,S,male,3,32.225,23.0,23.0,9.225,9.225,0,212.17499999999998,0.0,0.0,0.0,0.0,0
109,0,38.0,7.8958,0,0,S,male,3,45.8958,38.0,38.0,7.8958,7.8958,0,300.04040000000003,0.0,0.0,0.0,0.0,0
880,1,56.0,83.1583,0,1,C,female,1,139.1583,57.0,56.0,84.1583,83.1583,1,4656.864799999999,56.0,0.0,83.1583,0.0,0
652,1,18.0,23.0,0,1,S,female,2,41.0,19.0,18.0,24.0,23.0,1,414.0,18.0,0.0,23.0,0.0,0
818,0,31.0,37.0042,1,1,C,male,2,68.0042,32.0,32.0,38.0042,38.0042,2,1147.1301999999998,31.0,31.0,37.0042,37.0042,1
834,0,23.0,7.8542,0,0,S,male,3,30.8542,23.0,23.0,7.8542,7.8542,0,180.64659999999998,0.0,0.0,0.0,0.0,0
117,0,70.5,7.75,0,0,Q,male,3,78.25,70.5,70.5,7.75,7.75,0,546.375,0.0,0.0,0.0,0.0,0
260,1,50.0,26.0,0,1,S,female,2,76.0,51.0,50.0,27.0,26.0,1,1300.0,50.0,0.0,26.0,0.0,0
179,0,30.0,13.0,0,0,S,male,2,43.0,30.0,30.0,13.0,13.0,0,390.0,0.0,0.0,0.0,0.0,0
803,1,11.0,120.0,1,2,S,male,1,131.0,13.0,12.0,122.0,121.0,3,1320.0,22.0,11.0,240.0,120.0,2
545,0,50.0,106.425,1,0,C,male,1,156.425,50.0,51.0,106.425,107.425,1,5321.25,0.0,50.0,0.0,106.425,0
29,1,,7.8792,0,0,Q,female,3,,,,7.8792,7.8792,0,,,,0.0,0.0,0
607,0,30.0,7.8958,0,0,S,male,3,37.8958,30.0,30.0,7.8958,7.8958,0,236.87400000000002,0.0,0.0,0.0,0.0,0
23,1,15.0,8.0292,0,0,Q,female,3,23.0292,15.0,15.0,8.0292,8.0292,0,120.43799999999999,0.0,0.0,0.0,0.0,0
13,0,20.0,8.05,0,0,S,male,3,28.05,20.0,20.0,8.05,8.05,0,161.0,0.0,0.0,0.0,0.0,0
603,0,,42.4,0,0,S,male,1,,,,42.4,42.4,0,,,,0.0,0.0,0
807,0,39.0,0.0,0,0,S,male,1,39.0,39.0,39.0,0.0,0.0,0,0.0,0.0,0.0,0.0,0.0,0
730,0,25.0,7.925,1,0,S,female,3,32.925,25.0,26.0,7.925,8.925,1,198.125,0.0,25.0,0.0,7.925,0
113,0,22.0,8.05,0,0,S,male,3,30.05,22.0,22.0,8.05,8.05,0,177.10000000000002,0.0,0.0,0.0,0.0,0
524,1,44.0,57.9792,0,1,C,female,1,101.97919999999999,45.0,44.0,58.9792,57.9792,1,2551.0848,44.0,0.0,57.9792,0.0,0
86,1,33.0,15.85,3,0,S,female,3,48.85,33.0,36.0,15.85,18.85,3,523.05,0.0,99.0,0.0,47.55,0
657,0,,7.8958,0,0,S,male,3,,,,7.8958,7.8958,0,,,,0.0,0.0,0
185,1,4.0,22.025,0,2,S,female,3,26.025,6.0,4.0,24.025,22.025,2,88.1,8.0,0.0,44.05,0.0,0
364,0,35.0,7.05,0,0,S,male,3,42.05,35.0,35.0,7.05,7.05,0,246.75,0.0,0.0,0.0,0.0,0
49,0,,21.6792,2,0,C,male,3,,,,21.6792,23.6792,2,,,,0.0,43.3584,0
705,0,26.0,7.8542,1,0,S,male,3,33.8542,26.0,27.0,7.8542,8.854199999999999,1,204.20919999999998,0.0,26.0,0.0,7.8542,0
396,0,22.0,7.7958,0,0,S,male,3,29.7958,22.0,22.0,7.7958,7.7958,0,171.5076,0.0,0.0,0.0,0.0,0
777,0,,7.75,0,0,Q,male,3,,,,7.75,7.75,0,,,,0.0,0.0,0
886,0,39.0,29.125,0,5,Q,female,3,68.125,44.0,39.0,34.125,29.125,5,1135.875,195.0,0.0,145.625,0.0,0
363,0,45.0,14.4542,0,1,C,female,3,59.4542,46.0,45.0,15.4542,14.4542,1,650.439,45.0,0.0,14.4542,0.0,0
670,1,,52.0,1,0,S,female,1,,,,52.0,53.0,1,,,,0.0,52.0,0
799,0,30.0,7.2292,0,0,C,male,3,37.2292,30.0,30.0,7.2292,7.2292,0,216.87599999999998,0.0,0.0,0.0,0.0,0
508,1,,26.55,0,0,S,male,1,,,,26.55,26.55,0,,,,0.0,0.0,0
493,0,55.0,30.5,0,0,S,male,1,85.5,55.0,55.0,30.5,30.5,0,1677.5,0.0,0.0,0.0,0.0,0
540,1,22.0,49.5,0,2,C,female,1,71.5,24.0,22.0,51.5,49.5,2,1089.0,44.0,0.0,99.0,0.0,0
850,1,,89.1042,1,0,C,female,1,,,,89.1042,90.1042,1,,,,0.0,89.1042,0
560,1,36.0,17.4,1,0,S,female,3,53.4,36.0,37.0,17.4,18.4,1,626.4,0.0,36.0,0.0,17.4,0
368,1,,7.2292,0,0,C,female,3,,,,7.2292,7.2292,0,,,,0.0,0.0,0
3,1,26.0,7.925,0,0,S,female,3,33.925,26.0,26.0,7.925,7.925,0,206.04999999999998,0.0,0.0,0.0,0.0,0
107,1,21.0,7.65,0,0,S,female,3,28.65,21.0,21.0,7.65,7.65,0,160.65,0.0,0.0,0.0,0.0,0
439,0,64.0,263.0,1,4,S,male,1,327.0,68.0,65.0,267.0,264.0,5,16832.0,256.0,64.0,1052.0,263.0,4
315,0,43.0,26.25,1,1,S,male,2,69.25,44.0,44.0,27.25,27.25,2,1128.75,43.0,43.0,26.25,26.25,1
724,0,50.0,13.0,0,0,S,male,2,63.0,50.0,50.0,13.0,13.0,0,650.0,0.0,0.0,0.0,0.0,0
605,1,35.0,26.55,0,0,C,male,1,61.55,35.0,35.0,26.55,26.55,0,929.25,0.0,0.0,0.0,0.0,0
108,1,,7.775,0,0,S,male,3,,,,7.775,7.775,0,,,,0.0,0.0,0
853,0,9.0,15.2458,1,1,C,female,3,24.2458,10.0,10.0,16.2458,16.2458,2,137.2122,9.0,9.0,15.2458,15.2458,1
656,0,24.0,73.5,2,0,S,male,2,97.5,24.0,26.0,73.5,75.5,2,1764.0,0.0,48.0,0.0,147.0,0
155,0,,7.3125,0,0,S,male,3,,,,7.3125,7.3125,0,,,,0.0,0.0,0
823,0,38.0,0.0,0,0,S,male,1,38.0,38.0,38.0,0.0,0.0,0,0.0,0.0,0.0,0.0,0.0,0
133,0,47.0,14.5,1,0,S,female,3,61.5,47.0,48.0,14.5,15.5,1,681.5,0.0,47.0,0.0,14.5,0
546,0,64.0,26.0,0,0,S,male,1,90.0,64.0,64.0,26.0,26.0,0,1664.0,0.0,0.0,0.0,0.0,0
142,1,22.0,7.75,0,0,S,female,3,29.75,22.0,22.0,7.75,7.75,0,170.5,0.0,0.0,0.0,0.0,0
171,0,61.0,33.5,0,0,S,male,1,94.5,61.0,61.0,33.5,33.5,0,2043.5,0.0,0.0,0.0,0.0,0
844,0,34.5,6.4375,0,0,C,male,3,40.9375,34.5,34.5,6.4375,6.4375,0,222.09375,0.0,0.0,0.0,0.0,0
483,0,50.0,8.05,0,0,S,male,3,58.05,50.0,50.0,8.05,8.05,0,402.50000000000006,0.0,0.0,0.0,0.0,0
394,1,23.0,113.275,1,0,C,female,1,136.275,23.0,24.0,113.275,114.275,1,2605.3250000000003,0.0,23.0,0.0,113.275,0
297,0,23.5,7.2292,0,0,C,male,3,30.7292,23.5,23.5,7.2292,7.2292,0,169.8862,0.0,0.0,0.0,0.0,0
577,1,34.0,13.0,0,0,S,female,2,47.0,34.0,34.0,13.0,13.0,0,442.0,0.0,0.0,0.0,0.0,0
18,1,,13.0,0,0,S,male,2,,,,13.0,13.0,0,,,,0.0,0.0,0
517,1,34.0,10.5,0,0,S,female,2,44.5,34.0,34.0,10.5,10.5,0,357.0,0.0,0.0,0.0,0.0,0
874,0,47.0,9.0,0,0,S,male,3,56.0,47.0,47.0,9.0,9.0,0,423.0,0.0,0.0,0.0,0.0,0
306,1,0.92,151.55,1,2,S,male,1,152.47,2.92,1.92,153.55,152.55,3,139.42600000000002,1.84,0.92,303.1,151.55,2
326,1,36.0,135.6333,0,0,C,female,1,171.6333,36.0,36.0,135.6333,135.6333,0,4882.7988,0.0,0.0,0.0,0.0,0
163,0,26.0,7.775,0,0,S,male,3,33.775,26.0,26.0,7.775,7.775,0,202.15,0.0,0.0,0.0,0.0,0
186,0,,50.0,0,0,S,male,1,,,,50.0,50.0,0,,,,0.0,0.0,0
125,0,54.0,77.2875,0,1,S,male,1,131.2875,55.0,54.0,78.2875,77.2875,1,4173.525,54.0,0.0,77.2875,0.0,0
663,0,47.0,25.5875,0,0,S,male,1,72.5875,47.0,47.0,25.5875,25.5875,0,1202.6125,0.0,0.0,0.0,0.0,0
537,0,45.0,26.55,0,0,S,male,1,71.55,45.0,45.0,26.55,26.55,0,1194.75,0.0,0.0,0.0,0.0,0
226,0,22.0,9.35,0,0,S,male,3,31.35,22.0,22.0,9.35,9.35,0,205.7,0.0,0.0,0.0,0.0,0
881,1,25.0,26.0,0,1,S,female,2,51.0,26.0,25.0,27.0,26.0,1,650.0,25.0,0.0,26.0,0.0,0
286,0,33.0,8.6625,0,0,C,male,3,41.6625,33.0,33.0,8.6625,8.6625,0,285.8625,0.0,0.0,0.0,0.0,0
119,0,24.0,247.5208,0,1,C,male,1,271.5208,25.0,24.0,248.5208,247.5208,1,5940.4992,24.0,0.0,247.5208,0.0,0
443,0,25.0,7.775,1,0,S,male,3,32.775,25.0,26.0,7.775,8.775,1,194.375,0.0,25.0,0.0,7.775,0
33,1,,7.75,0,0,Q,female,3,,,,7.75,7.75,0,,,,0.0,0.0,0
255,0,41.0,20.2125,0,2,S,female,3,61.2125,43.0,41.0,22.2125,20.2125,2,828.7125,82.0,0.0,40.425,0.0,0
673,0,70.0,10.5,0,0,S,male,2,80.5,70.0,70.0,10.5,10.5,0,735.0,0.0,0.0,0.0,0.0,0
189,0,40.0,15.5,1,1,Q,male,3,55.5,41.0,41.0,16.5,16.5,2,620.0,40.0,40.0,15.5,15.5,1
22,1,34.0,13.0,0,0,S,male,2,47.0,34.0,34.0,13.0,13.0,0,442.0,0.0,0.0,0.0,0.0,0
677,0,24.5,8.05,0,0,S,male,3,32.55,24.5,24.5,8.05,8.05,0,197.22500000000002,0.0,0.0,0.0,0.0,0
131,0,33.0,7.8958,0,0,C,male,3,40.8958,33.0,33.0,7.8958,7.8958,0,260.5614,0.0,0.0,0.0,0.0,0
254,0,30.0,16.1,1,0,S,male,3,46.1,30.0,31.0,16.1,17.1,1,483.00000000000006,0.0,30.0,0.0,16.1,0
431,1,28.0,26.55,0,0,S,male,1,54.55,28.0,28.0,26.55,26.55,0,743.4,0.0,0.0,0.0,0.0,0
331,1,,23.25,2,0,Q,female,3,,,,23.25,25.25,2,,,,0.0,46.5,0
568,0,29.0,21.075,0,4,S,female,3,50.075,33.0,29.0,25.075,21.075,4,611.175,116.0,0.0,84.3,0.0,0
516,0,47.0,34.0208,0,0,S,male,1,81.02080000000001,47.0,47.0,34.0208,34.0208,0,1598.9776000000002,0.0,0.0,0.0,0.0,0
518,0,,24.15,0,0,Q,male,3,,,,24.15,24.15,0,,,,0.0,0.0,0
571,1,62.0,10.5,0,0,S,male,2,72.5,62.0,62.0,10.5,10.5,0,651.0,0.0,0.0,0.0,0.0,0
536,1,7.0,26.25,0,2,S,female,2,33.25,9.0,7.0,28.25,26.25,2,183.75,14.0,0.0,52.5,0.0,0
587,0,47.0,15.0,0,0,S,male,2,62.0,47.0,47.0,15.0,15.0,0,705.0,0.0,0.0,0.0,0.0,0
247,0,25.0,7.775,0,0,S,female,3,32.775,25.0,25.0,7.775,7.775,0,194.375,0.0,0.0,0.0,0.0,0
565,0,,8.05,0,0,S,female,3,,,,8.05,8.05,0,,,,0.0,0.0,0
707,1,45.0,13.5,0,0,S,female,2,58.5,45.0,45.0,13.5,13.5,0,607.5,0.0,0.0,0.0,0.0,0
702,1,35.0,26.2875,0,0,S,male,1,61.2875,35.0,35.0,26.2875,26.2875,0,920.0625,0.0,0.0,0.0,0.0,0
416,0,,8.05,0,0,S,female,3,,,,8.05,8.05,0,,,,0.0,0.0,0
774,0,,7.225,0,0,C,male,3,,,,7.225,7.225,0,,,,0.0,0.0,0
272,1,25.0,0.0,0,0,S,male,3,25.0,25.0,25.0,0.0,0.0,0,0.0,0.0,0.0,0.0,0.0,0
216,1,31.0,113.275,1,0,C,female,1,144.275,31.0,32.0,113.275,114.275,1,3511.525,0.0,31.0,0.0,113.275,0
773,0,57.0,10.5,0,0,S,female,2,67.5,57.0,57.0,10.5,10.5,0,598.5,0.0,0.0,0.0,0.0,0
499,0,25.0,151.55,1,2,S,female,1,176.55,27.0,26.0,153.55,152.55,3,3788.7500000000005,50.0,25.0,303.1,151.55,2
252,0,29.0,10.4625,1,1,S,female,3,39.4625,30.0,30.0,11.4625,11.4625,2,303.4125,29.0,29.0,10.4625,10.4625,1
720,0,33.0,7.775,0,0,S,male,3,40.775,33.0,33.0,7.775,7.775,0,256.575,0.0,0.0,0.0,0.0,0
590,0,,8.05,0,0,S,male,3,,,,8.05,8.05,0,,,,0.0,0.0,0
78,0,,8.05,0,0,S,male,3,,,,8.05,8.05,0,,,,0.0,0.0,0
249,1,37.0,52.5542,1,1,S,male,1,89.55420000000001,38.0,38.0,53.5542,53.5542,2,1944.5054,37.0,37.0,52.5542,52.5542,1
510,1,26.0,56.4958,0,0,S,male,3,82.4958,26.0,26.0,56.4958,56.4958,0,1468.8908000000001,0.0,0.0,0.0,0.0,0
789,1,1.0,20.575,1,2,S,male,3,21.575,3.0,2.0,22.575,21.575,3,20.575,2.0,1.0,41.15,20.575,2
245,0,30.0,7.225,0,0,C,male,3,37.225,30.0,30.0,7.225,7.225,0,216.75,0.0,0.0,0.0,0.0,0
478,0,29.0,7.0458,1,0,S,male,3,36.0458,29.0,30.0,7.0458,8.0458,1,204.32819999999998,0.0,29.0,0.0,7.0458,0
169,0,,25.925,0,0,S,male,1,,,,25.925,25.925,0,,,,0.0,0.0,0
187,1,,15.5,1,0,Q,female,3,,,,15.5,16.5,1,,,,0.0,15.5,0
371,1,25.0,55.4417,1,0,C,male,1,80.4417,25.0,26.0,55.4417,56.4417,1,1386.0425,0.0,25.0,0.0,55.4417,0
217,1,27.0,7.925,0,0,S,female,3,34.925,27.0,27.0,7.925,7.925,0,213.975,0.0,0.0,0.0,0.0,0
765,0,16.0,7.775,0,0,S,male,3,23.775,16.0,16.0,7.775,7.775,0,124.4,0.0,0.0,0.0,0.0,0
97,0,71.0,34.6542,0,0,C,male,1,105.6542,71.0,71.0,34.6542,34.6542,0,2460.4482000000003,0.0,0.0,0.0,0.0,0
150,0,42.0,13.0,0,0,S,male,2,55.0,42.0,42.0,13.0,13.0,0,546.0,0.0,0.0,0.0,0.0,0
839,1,32.0,56.4958,0,0,S,male,3,88.4958,32.0,32.0,56.4958,56.4958,0,1807.8656,0.0,0.0,0.0,0.0,0
539,0,,14.5,0,0,S,male,3,,,,14.5,14.5,0,,,,0.0,0.0,0
611,0,39.0,31.275,1,5,S,female,3,70.275,44.0,40.0,36.275,32.275,6,1219.725,195.0,39.0,156.375,31.275,5
123,0,32.5,30.0708,1,0,C,male,2,62.5708,32.5,33.5,30.0708,31.0708,1,977.3009999999999,0.0,32.5,0.0,30.0708,0
615,0,35.0,8.05,0,0,S,male,3,43.05,35.0,35.0,8.05,8.05,0,281.75,0.0,0.0,0.0,0.0,0
152,1,22.0,66.6,1,0,S,female,1,88.6,22.0,23.0,66.6,67.6,1,1465.1999999999998,0.0,22.0,0.0,66.6,0
706,0,39.0,26.0,0,0,S,male,2,65.0,39.0,39.0,26.0,26.0,0,1014.0,0.0,0.0,0.0,0.0,0
127,0,,7.75,0,0,Q,male,3,,,,7.75,7.75,0,,,,0.0,0.0,0
872,1,47.0,52.5542,1,1,S,female,1,99.55420000000001,48.0,48.0,53.5542,53.5542,2,2470.0474,47.0,47.0,52.5542,52.5542,1
479,0,22.0,7.5208,0,0,S,male,3,29.5208,22.0,22.0,7.5208,7.5208,0,165.4576,0.0,0.0,0.0,0.0,0
301,1,,7.75,0,0,Q,female,3,,,,7.75,7.75,0,,,,0.0,0.0,0
90,0,24.0,8.05,0,0,S,male,3,32.05,24.0,24.0,8.05,8.05,0,193.20000000000002,0.0,0.0,0.0,0.0,0
270,1,35.0,135.6333,0,0,S,female,1,170.6333,35.0,35.0,135.6333,135.6333,0,4747.1655,0.0,0.0,0.0,0.0,0
502,0,21.0,7.75,0,0,Q,female,3,28.75,21.0,21.0,7.75,7.75,0,162.75,0.0,0.0,0.0,0.0,0
362,0,29.0,27.7208,1,0,C,male,2,56.7208,29.0,30.0,27.7208,28.7208,1,803.9032,0.0,29.0,0.0,27.7208,0
31,0,40.0,27.7208,0,0,C,male,1,67.7208,40.0,40.0,27.7208,27.7208,0,1108.832,0.0,0.0,0.0,0.0,0
277,0,45.0,7.75,0,0,S,female,3,52.75,45.0,45.0,7.75,7.75,0,348.75,0.0,0.0,0.0,0.0,0
812,0,39.0,24.15,0,0,S,male,3,63.15,39.0,39.0,24.15,24.15,0,941.8499999999999,0.0,0.0,0.0,0.0,0
466,0,38.0,7.05,0,0,S,male,3,45.05,38.0,38.0,7.05,7.05,0,267.9,0.0,0.0,0.0,0.0,0
168,0,45.0,27.9,1,4,S,female,3,72.9,49.0,46.0,31.9,28.9,5,1255.5,180.0,45.0,111.6,27.9,4
170,0,28.0,56.4958,0,0,S,male,3,84.4958,28.0,28.0,56.4958,56.4958,0,1581.8824,0.0,0.0,0.0,0.0,0
638,0,31.0,26.25,1,1,S,male,2,57.25,32.0,32.0,27.25,27.25,2,813.75,31.0,31.0,26.25,26.25,1
592,1,52.0,78.2667,1,0,C,female,1,130.26670000000001,52.0,53.0,78.2667,79.2667,1,4069.8684,0.0,52.0,0.0,78.2667,0
36,0,42.0,52.0,1,0,S,male,1,94.0,42.0,43.0,52.0,53.0,1,2184.0,0.0,42.0,0.0,52.0,0
634,0,,0.0,0,0,S,male,1,,,,0.0,0.0,0,,,,0.0,0.0,0
876,1,15.0,7.225,0,0,C,female,3,22.225,15.0,15.0,7.225,7.225,0,108.375,0.0,0.0,0.0,0.0,0
248,1,24.0,14.5,0,2,S,female,2,38.5,26.0,24.0,16.5,14.5,2,348.0,48.0,0.0,29.0,0.0,0
295,0,24.0,7.8958,0,0,S,male,3,31.8958,24.0,24.0,7.8958,7.8958,0,189.4992,0.0,0.0,0.0,0.0,0
340,0,45.0,35.5,0,0,S,male,1,80.5,45.0,45.0,35.5,35.5,0,1597.5,0.0,0.0,0.0,0.0,0
444,1,28.0,13.0,0,0,S,female,2,41.0,28.0,28.0,13.0,13.0,0,364.0,0.0,0.0,0.0,0.0,0
91,0,29.0,8.05,0,0,S,male,3,37.05,29.0,29.0,8.05,8.05,0,233.45000000000002,0.0,0.0,0.0,0.0,0
845,0,17.0,8.6625,0,0,S,male,3,25.6625,17.0,17.0,8.6625,8.6625,0,147.2625,0.0,0.0,0.0,0.0,0
828,1,1.0,37.0042,0,2,C,male,2,38.0042,3.0,1.0,39.0042,37.0042,2,37.0042,2.0,0.0,74.0084,0.0,0
376,1,,82.1708,1,0,C,female,1,,,,82.1708,83.1708,1,,,,0.0,82.1708,0
240,0,33.0,12.275,0,0,S,male,2,45.275,33.0,33.0,12.275,12.275,0,405.075,0.0,0.0,0.0,0.0,0
772,0,48.0,7.8542,0,0,S,male,3,55.8542,48.0,48.0,7.8542,7.8542,0,377.0016,0.0,0.0,0.0,0.0,0
871,0,26.0,7.8958,0,0,S,male,3,33.8958,26.0,26.0,7.8958,7.8958,0,205.29080000000002,0.0,0.0,0.0,0.0,0
356,0,28.0,9.5,0,0,S,male,3,37.5,28.0,28.0,9.5,9.5,0,266.0,0.0,0.0,0.0,0.0,0
34,0,66.0,10.5,0,0,S,male,2,76.5,66.0,66.0,10.5,10.5,0,693.0,0.0,0.0,0.0,0.0,0
522,0,22.0,7.8958,0,0,S,male,3,29.8958,22.0,22.0,7.8958,7.8958,0,173.7076,0.0,0.0,0.0,0.0,0
126,1,12.0,11.2417,1,0,C,male,3,23.2417,12.0,13.0,11.2417,12.2417,1,134.9004,0.0,12.0,0.0,11.2417,0
215,0,,7.75,1,0,Q,male,3,,,,7.75,8.75,1,,,,0.0,7.75,0
775,1,54.0,23.0,1,3,S,female,2,77.0,57.0,55.0,26.0,24.0,4,1242.0,162.0,54.0,69.0,23.0,3
405,0,20.0,8.6625,0,0,S,female,3,28.6625,20.0,20.0,8.6625,8.6625,0,173.25,0.0,0.0,0.0,0.0,0
122,0,,8.05,0,0,S,male,3,,,,8.05,8.05,0,,,,0.0,0.0,0
308,1,17.0,108.9,1,0,C,female,1,125.9,17.0,18.0,108.9,109.9,1,1851.3000000000002,0.0,17.0,0.0,108.9,0
535,0,30.0,8.6625,0,0,S,female,3,38.6625,30.0,30.0,8.6625,8.6625,0,259.875,0.0,0.0,0.0,0.0,0
559,1,39.0,79.65,1,1,S,female,1,118.65,40.0,40.0,80.65,80.65,2,3106.3500000000004,39.0,39.0,79.65,79.65,1
111,0,47.0,52.0,0,0,S,male,1,99.0,47.0,47.0,52.0,52.0,0,2444.0,0.0,0.0,0.0,0.0,0
549,0,33.0,20.525,1,1,S,male,3,53.525,34.0,34.0,21.525,21.525,2,677.3249999999999,33.0,33.0,20.525,20.525,1
865,0,24.0,13.0,0,0,S,male,2,37.0,24.0,24.0,13.0,13.0,0,312.0,0.0,0.0,0.0,0.0,0
330,1,16.0,57.9792,0,1,C,female,1,73.97919999999999,17.0,16.0,58.9792,57.9792,1,927.6672,16.0,0.0,57.9792,0.0,0
640,0,,16.1,1,0,S,male,3,,,,16.1,17.1,1,,,,0.0,16.1,0
745,1,31.0,7.925,0,0,S,male,3,38.925,31.0,31.0,7.925,7.925,0,245.67499999999998,0.0,0.0,0.0,0.0,0
827,0,,56.4958,0,0,S,male,3,,,,56.4958,56.4958,0,,,,0.0,0.0,0
55,0,65.0,61.9792,0,1,C,male,1,126.97919999999999,66.0,65.0,62.9792,61.9792,1,4028.648,65.0,0.0,61.9792,0.0,0
427,1,28.0,26.0,1,0,S,female,2,54.0,28.0,29.0,26.0,27.0,1,728.0,0.0,28.0,0.0,26.0,0
821,1,52.0,93.5,1,1,S,female,1,145.5,53.0,53.0,94.5,94.5,2,4862.0,52.0,52.0,93.5,93.5,1
694,0,25.0,7.225,0,0,C,male,3,32.225,25.0,25.0,7.225,7.225,0,180.625,0.0,0.0,0.0,0.0,0
649,0,,7.55,0,0,S,male,3,,,,7.55,7.55,0,,,,0.0,0.0,0
662,0,40.0,7.225,0,0,C,male,3,47.225,40.0,40.0,7.225,7.225,0,289.0,0.0,0.0,0.0,0.0,0
595,0,37.0,26.0,1,0,S,male,2,63.0,37.0,38.0,26.0,27.0,1,962.0,0.0,37.0,0.0,26.0,0
588,1,60.0,79.2,1,1,C,male,1,139.2,61.0,61.0,80.2,80.2,2,4752.0,60.0,60.0,79.2,79.2,1
813,0,35.0,10.5,0,0,S,male,2,45.5,35.0,35.0,10.5,10.5,0,367.5,0.0,0.0,0.0,0.0,0
869,0,,9.5,0,0,S,male,3,,,,9.5,9.5,0,,,,0.0,0.0,0
231,1,35.0,83.475,1,0,S,female,1,118.475,35.0,36.0,83.475,84.475,1,2921.625,0.0,35.0,0.0,83.475,0
406,0,34.0,21.0,1,0,S,male,2,55.0,34.0,35.0,21.0,22.0,1,714.0,0.0,34.0,0.0,21.0,0
555,1,22.0,7.775,0,0,S,female,3,29.775,22.0,22.0,7.775,7.775,0,171.05,0.0,0.0,0.0,0.0,0
384,1,35.0,52.0,1,0,S,female,1,87.0,35.0,36.0,52.0,53.0,1,1820.0,0.0,35.0,0.0,52.0,0
77,0,,7.8958,0,0,S,male,3,,,,7.8958,7.8958,0,,,,0.0,0.0,0
147,1,27.0,7.7958,0,0,S,male,3,34.7958,27.0,27.0,7.7958,7.7958,0,210.4866,0.0,0.0,0.0,0.0,0
58,0,28.5,7.2292,0,0,C,male,3,35.7292,28.5,28.5,7.2292,7.2292,0,206.0322,0.0,0.0,0.0,0.0,0
748,1,30.0,13.0,0,0,S,female,2,43.0,30.0,30.0,13.0,13.0,0,390.0,0.0,0.0,0.0,0.0,0
89,1,23.0,263.0,3,2,S,female,1,286.0,25.0,26.0,265.0,266.0,5,6049.0,46.0,69.0,526.0,789.0,6
181,0,,69.55,8,2,S,female,3,,,,71.55,77.55,10,,,,139.1,556.4,16
879,0,,7.8958,0,0,S,male,3,,,,7.8958,7.8958,0,,,,0.0,0.0,0
485,1,25.0,91.0792,1,0,C,male,1,116.0792,25.0,26.0,91.0792,92.0792,1,2276.98,0.0,25.0,0.0,91.0792,0
836,1,39.0,83.1583,1,1,C,female,1,122.1583,40.0,40.0,84.1583,84.1583,2,3243.1737,39.0,39.0,83.1583,83.1583,1
280,1,35.0,20.25,1,1,S,female,3,55.25,36.0,36.0,21.25,21.25,2,708.75,35.0,35.0,20.25,20.25,1
45,1,19.0,7.8792,0,0,Q,female,3,26.8792,19.0,19.0,7.8792,7.8792,0,149.7048,0.0,0.0,0.0,0.0,0
868,0,31.0,50.4958,0,0,S,male,1,81.4958,31.0,31.0,50.4958,50.4958,0,1565.3698000000002,0.0,0.0,0.0,0.0,0
585,0,,8.7125,0,0,C,male,3,,,,8.7125,8.7125,0,,,,0.0,0.0,0
830,1,62.0,80.0,0,0,,female,1,142.0,62.0,62.0,80.0,80.0,0,4960.0,0.0,0.0,0.0,0.0,0
541,1,36.0,71.0,0,2,S,female,1,107.0,38.0,36.0,73.0,71.0,2,2556.0,72.0,0.0,142.0,0.0,0
403,0,21.0,9.825,1,0,S,female,3,30.825,21.0,22.0,9.825,10.825,1,206.325,0.0,21.0,0.0,9.825,0
878,0,19.0,7.8958,0,0,S,male,3,26.8958,19.0,19.0,7.8958,7.8958,0,150.02020000000002,0.0,0.0,0.0,0.0,0
527,1,50.0,10.5,0,0,S,female,2,60.5,50.0,50.0,10.5,10.5,0,525.0,0.0,0.0,0.0,0.0,0
487,1,35.0,90.0,1,0,S,female,1,125.0,35.0,36.0,90.0,91.0,1,3150.0,0.0,35.0,0.0,90.0,0
553,0,,7.8292,0,0,Q,male,3,,,,7.8292,7.8292,0,,,,0.0,0.0,0
172,0,4.0,29.125,4,1,Q,male,3,33.125,5.0,8.0,30.125,33.125,5,116.5,4.0,16.0,29.125,116.5,4
32,1,,146.5208,1,0,C,female,1,,,,146.5208,147.5208,1,,,,0.0,146.5208,0
173,1,1.0,11.1333,1,1,S,female,3,12.1333,2.0,2.0,12.1333,12.1333,2,11.1333,1.0,1.0,11.1333,11.1333,1
790,0,46.0,79.2,0,0,C,male,1,125.2,46.0,46.0,79.2,79.2,0,3643.2000000000003,0.0,0.0,0.0,0.0,0
467,0,,0.0,0,0,S,male,2,,,,0.0,0.0,0,,,,0.0,0.0,0
372,0,18.0,6.4958,1,0,S,male,3,24.4958,18.0,19.0,6.4958,7.4958,1,116.9244,0.0,18.0,0.0,6.4958,0
685,0,60.0,39.0,1,1,S,male,2,99.0,61.0,61.0,40.0,40.0,2,2340.0,60.0,60.0,39.0,39.0,1
138,0,37.0,53.1,1,0,S,male,1,90.1,37.0,38.0,53.1,54.1,1,1964.7,0.0,37.0,0.0,53.1,0
360,1,,7.8792,0,0,Q,female,3,,,,7.8792,7.8792,0,,,,0.0,0.0,0
601,1,24.0,27.0,2,1,S,female,2,51.0,25.0,26.0,28.0,29.0,3,648.0,24.0,48.0,27.0,54.0,2
887,0,27.0,13.0,0,0,S,male,2,40.0,27.0,27.0,13.0,13.0,0,351.0,0.0,0.0,0.0,0.0,0
582,1,39.0,110.8833,1,1,C,female,1,149.88330000000002,40.0,40.0,111.8833,111.8833,2,4324.4487,39.0,39.0,110.8833,110.8833,1
802,1,31.0,26.25,1,1,S,female,2,57.25,32.0,32.0,27.25,27.25,2,813.75,31.0,31.0,26.25,26.25,1
628,1,21.0,77.9583,0,0,S,female,1,98.9583,21.0,21.0,77.9583,77.9583,0,1637.1243,0.0,0.0,0.0,0.0,0
4,1,35.0,53.1,1,0,S,female,1,88.1,35.0,36.0,53.1,54.1,1,1858.5,0.0,35.0,0.0,53.1,0
562,0,40.0,7.8958,0,0,S,male,3,47.8958,40.0,40.0,7.8958,7.8958,0,315.832,0.0,0.0,0.0,0.0,0
135,0,25.0,13.0,0,0,S,male,2,38.0,25.0,25.0,13.0,13.0,0,325.0,0.0,0.0,0.0,0.0,0
311,1,24.0,83.1583,0,0,C,female,1,107.1583,24.0,24.0,83.1583,83.1583,0,1995.7992,0.0,0.0,0.0,0.0,0
795,0,25.0,7.8958,0,0,S,male,3,32.8958,25.0,25.0,7.8958,7.8958,0,197.395,0.0,0.0,0.0,0.0,0
579,0,,14.4583,1,0,C,female,3,,,,14.4583,15.4583,1,,,,0.0,14.4583,0
100,0,34.0,26.0,1,0,S,male,2,60.0,34.0,35.0,26.0,27.0,1,884.0,0.0,34.0,0.0,26.0,0
574,1,,7.75,0,0,Q,female,3,,,,7.75,7.75,0,,,,0.0,0.0,0
229,0,18.0,13.0,0,0,S,male,2,31.0,18.0,18.0,13.0,13.0,0,234.0,0.0,0.0,0.0,0.0,0
195,1,44.0,27.7208,0,0,C,female,1,71.7208,44.0,44.0,27.7208,27.7208,0,1219.7152,0.0,0.0,0.0,0.0,0
767,0,,39.6,0,0,C,male,1,,,,39.6,39.6,0,,,,0.0,0.0,0
531,1,2.0,26.0,1,1,S,female,2,28.0,3.0,3.0,27.0,27.0,2,52.0,2.0,2.0,26.0,26.0,1
700,0,42.0,7.65,0,0,S,male,3,49.65,42.0,42.0,7.65,7.65,0,321.3,0.0,0.0,0.0,0.0,0
158,0,30.0,8.05,0,0,S,male,3,38.05,30.0,30.0,8.05,8.05,0,241.50000000000003,0.0,0.0,0.0,0.0,0
15,0,14.0,7.8542,0,0,S,female,3,21.8542,14.0,14.0,7.8542,7.8542,0,109.9588,0.0,0.0,0.0,0.0,0
452,0,,19.9667,1,0,S,male,3,,,,19.9667,20.9667,1,,,,0.0,19.9667,0
312,1,18.0,262.375,2,2,C,female,1,280.375,20.0,20.0,264.375,264.375,4,4722.75,36.0,36.0,524.75,524.75,4
73,0,21.0,73.5,0,0,S,male,2,94.5,21.0,21.0,73.5,73.5,0,1543.5,0.0,0.0,0.0,0.0,0
641,0,20.0,7.8542,0,0,S,male,3,27.8542,20.0,20.0,7.8542,7.8542,0,157.084,0.0,0.0,0.0,0.0,0
862,0,21.0,11.5,1,0,S,male,2,32.5,21.0,22.0,11.5,12.5,1,241.5,0.0,21.0,0.0,11.5,0
755,1,48.0,65.0,1,2,S,female,2,113.0,50.0,49.0,67.0,66.0,3,3120.0,96.0,48.0,130.0,65.0,2
16,1,55.0,16.0,0,0,S,female,2,71.0,55.0,55.0,16.0,16.0,0,880.0,0.0,0.0,0.0,0.0,0
762,0,41.0,7.125,0,0,S,male,3,48.125,41.0,41.0,7.125,7.125,0,292.125,0.0,0.0,0.0,0.0,0
290,1,22.0,7.75,0,0,Q,female,3,29.75,22.0,22.0,7.75,7.75,0,170.5,0.0,0.0,0.0,0.0,0
703,0,18.0,14.4542,0,1,C,female,3,32.4542,19.0,18.0,15.4542,14.4542,1,260.17560000000003,18.0,0.0,14.4542,0.0,0
653,0,21.0,8.4333,0,0,S,male,3,29.4333,21.0,21.0,8.4333,8.4333,0,177.09929999999997,0.0,0.0,0.0,0.0,0
105,0,37.0,7.925,2,0,S,male,3,44.925,37.0,39.0,7.925,9.925,2,293.22499999999997,0.0,74.0,0.0,15.85,0
751,1,4.0,23.0,1,1,S,female,2,27.0,5.0,5.0,24.0,24.0,2,92.0,4.0,4.0,23.0,23.0,1
486,0,,25.4667,3,1,S,female,3,,,,26.4667,28.4667,4,,,,25.4667,76.4001,3
446,1,4.0,81.8583,0,2,S,male,1,85.8583,6.0,4.0,83.8583,81.8583,2,327.4332,8.0,0.0,163.7166,0.0,0
366,0,30.0,7.25,0,0,S,male,3,37.25,30.0,30.0,7.25,7.25,0,217.5,0.0,0.0,0.0,0.0,0
596,0,36.0,24.15,1,1,S,male,3,60.15,37.0,37.0,25.15,25.15,2,869.4,36.0,36.0,24.15,24.15,1
84,0,28.0,47.1,0,0,S,male,1,75.1,28.0,28.0,47.1,47.1,0,1318.8,0.0,0.0,0.0,0.0,0
157,1,16.0,7.7333,0,0,Q,female,3,23.7333,16.0,16.0,7.7333,7.7333,0,123.7328,0.0,0.0,0.0,0.0,0
414,0,,0.0,0,0,S,male,2,,,,0.0,0.0,0,,,,0.0,0.0,0
129,1,,22.3583,1,1,C,female,3,,,,23.3583,23.3583,2,,,,22.3583,22.3583,1
176,0,18.0,7.8542,1,1,S,male,3,25.8542,19.0,19.0,8.854199999999999,8.854199999999999,2,141.3756,18.0,18.0,7.8542,7.8542,1
287,1,30.0,9.5,0,0,S,male,3,39.5,30.0,30.0,9.5,9.5,0,285.0,0.0,0.0,0.0,0.0,0
93,0,46.0,61.175,1,0,S,male,1,107.175,46.0,47.0,61.175,62.175,1,2814.0499999999997,0.0,46.0,0.0,61.175,0
199,1,,7.75,0,0,Q,female,3,,,,7.75,7.75,0,,,,0.0,0.0,0
666,0,32.0,73.5,2,0,S,male,2,105.5,32.0,34.0,73.5,75.5,2,2352.0,0.0,64.0,0.0,147.0,0
101,0,28.0,7.8958,0,0,S,female,3,35.8958,28.0,28.0,7.8958,7.8958,0,221.0824,0.0,0.0,0.0,0.0,0
5,0,35.0,8.05,0,0,S,male,3,43.05,35.0,35.0,8.05,8.05,0,281.75,0.0,0.0,0.0,0.0,0
671,1,40.0,39.0,1,1,S,female,2,79.0,41.0,41.0,40.0,40.0,2,1560.0,40.0,40.0,39.0,39.0,1
382,1,1.0,15.7417,0,2,C,female,3,16.7417,3.0,1.0,17.7417,15.7417,2,15.7417,2.0,0.0,31.4834,0.0,0
433,1,42.0,26.0,1,0,S,female,2,68.0,42.0,43.0,26.0,27.0,1,1092.0,0.0,42.0,0.0,26.0,0
88,0,,8.05,0,0,S,male,3,,,,8.05,8.05,0,,,,0.0,0.0,0
557,1,48.0,39.6,1,0,C,female,1,87.6,48.0,49.0,39.6,40.6,1,1900.8000000000002,0.0,48.0,0.0,39.6,0
83,1,,7.7875,0,0,Q,female,3,,,,7.7875,7.7875,0,,,,0.0,0.0,0
219,1,32.0,76.2917,0,0,C,female,1,108.2917,32.0,32.0,76.2917,76.2917,0,2441.3344,0.0,0.0,0.0,0.0,0
66,1,,15.2458,1,1,C,male,3,,,,16.2458,16.2458,2,,,,15.2458,15.2458,1
743,1,21.0,262.375,2,2,C,female,1,283.375,23.0,23.0,264.375,264.375,4,5509.875,42.0,42.0,524.75,524.75,4
484,1,63.0,9.5875,0,0,S,female,3,72.5875,63.0,63.0,9.5875,9.5875,0,604.0125,0.0,0.0,0.0,0.0,0
400,1,28.0,12.65,0,0,S,female,2,40.65,28.0,28.0,12.65,12.65,0,354.2,0.0,0.0,0.0,0.0,0
70,0,26.0,8.6625,2,0,S,male,3,34.6625,26.0,28.0,8.6625,10.6625,2,225.225,0.0,52.0,0.0,17.325,0
489,0,30.0,8.05,0,0,S,male,3,38.05,30.0,30.0,8.05,8.05,0,241.50000000000003,0.0,0.0,0.0,0.0,0
320,1,40.0,134.5,1,1,C,female,1,174.5,41.0,41.0,135.5,135.5,2,5380.0,40.0,40.0,134.5,134.5,1
412,0,,6.8583,0,0,Q,male,3,,,,6.8583,6.8583,0,,,,0.0,0.0,0
421,0,,7.8958,0,0,C,male,3,,,,7.8958,7.8958,0,,,,0.0,0.0,0
263,0,52.0,79.65,1,1,S,male,1,131.65,53.0,53.0,80.65,80.65,2,4141.8,52.0,52.0,79.65,79.65,1
435,0,50.0,55.9,1,0,S,male,1,105.9,50.0,51.0,55.9,56.9,1,2795.0,0.0,50.0,0.0,55.9,0
633,1,32.0,30.5,0,0,C,male,1,62.5,32.0,32.0,30.5,30.5,0,976.0,0.0,0.0,0.0,0.0,0
882,0,33.0,7.8958,0,0,S,male,3,40.8958,33.0,33.0,7.8958,7.8958,0,260.5614,0.0,0.0,0.0,0.0,0
820,0,10.0,27.9,3,2,S,male,3,37.9,12.0,13.0,29.9,30.9,5,279.0,20.0,30.0,55.8,83.69999999999999,6
50,0,18.0,17.8,1,0,S,female,3,35.8,18.0,19.0,17.8,18.8,1,320.40000000000003,0.0,18.0,0.0,17.8,0
139,0,16.0,9.2167,0,0,S,male,3,25.2167,16.0,16.0,9.2167,9.2167,0,147.4672,0.0,0.0,0.0,0.0,0
551,1,17.0,110.8833,0,2,C,male,1,127.8833,19.0,17.0,112.8833,110.8833,2,1885.0161,34.0,0.0,221.7666,0.0,0
12,1,58.0,26.55,0,0,S,female,1,84.55,58.0,58.0,26.55,26.55,0,1539.9,0.0,0.0,0.0,0.0,0
511,1,29.0,7.75,0,0,Q,male,3,36.75,29.0,29.0,7.75,7.75,0,224.75,0.0,0.0,0.0,0.0,0
604,0,44.0,8.05,0,0,S,male,3,52.05,44.0,44.0,8.05,8.05,0,354.20000000000005,0.0,0.0,0.0,0.0,0
675,0,,0.0,0,0,S,male,2,,,,0.0,0.0,0,,,,0.0,0.0,0
636,1,28.0,13.0,0,0,S,female,2,41.0,28.0,28.0,13.0,13.0,0,364.0,0.0,0.0,0.0,0.0,0
771,0,24.0,9.5,0,0,S,male,3,33.5,24.0,24.0,9.5,9.5,0,228.0,0.0,0.0,0.0,0.0,0
118,0,29.0,21.0,1,0,S,male,2,50.0,29.0,30.0,21.0,22.0,1,609.0,0.0,29.0,0.0,21.0,0
1,0,22.0,7.25,1,0,S,male,3,29.25,22.0,23.0,7.25,8.25,1,159.5,0.0,22.0,0.0,7.25,0
288,0,22.0,7.8958,0,0,S,male,3,29.8958,22.0,22.0,7.8958,7.8958,0,173.7076,0.0,0.0,0.0,0.0,0
781,1,13.0,7.2292,0,0,C,female,3,20.2292,13.0,13.0,7.2292,7.2292,0,93.97959999999999,0.0,0.0,0.0,0.0,0
380,0,19.0,7.775,0,0,S,male,3,26.775,19.0,19.0,7.775,7.775,0,147.725,0.0,0.0,0.0,0.0,0
573,1,36.0,26.3875,0,0,S,male,1,62.3875,36.0,36.0,26.3875,26.3875,0,949.9499999999999,0.0,0.0,0.0,0.0,0
738,1,35.0,512.3292,0,0,C,male,1,547.3292,35.0,35.0,512.3292,512.3292,0,17931.522,0.0,0.0,0.0,0.0,0
244,0,22.0,7.125,0,0,S,male,3,29.125,22.0,22.0,7.125,7.125,0,156.75,0.0,0.0,0.0,0.0,0
610,1,40.0,153.4625,0,0,S,female,1,193.4625,40.0,40.0,153.4625,153.4625,0,6138.5,0.0,0.0,0.0,0.0,0
804,1,0.42,8.5167,0,1,C,male,3,8.9367,1.42,0.42,9.5167,8.5167,1,3.577014,0.42,0.0,8.5167,0.0,0
627,0,57.0,12.35,0,0,Q,male,2,69.35,57.0,57.0,12.35,12.35,0,703.9499999999999,0.0,0.0,0.0,0.0,0
143,1,24.0,15.85,1,0,S,female,3,39.85,24.0,25.0,15.85,16.85,1,380.4,0.0,24.0,0.0,15.85,0
644,1,,56.4958,0,0,S,male,3,,,,56.4958,56.4958,0,,,,0.0,0.0,0
209,1,16.0,7.75,0,0,Q,female,3,23.75,16.0,16.0,7.75,7.75,0,124.0,0.0,0.0,0.0,0.0,0
141,0,,15.2458,0,2,C,female,3,,,,17.2458,15.2458,2,,,,30.4916,0.0,0
645,1,0.75,19.2583,2,1,C,female,3,20.0083,1.75,2.75,20.2583,21.2583,3,14.443724999999999,0.75,1.5,19.2583,38.5166,2
166,1,9.0,20.525,0,2,S,male,3,29.525,11.0,9.0,22.525,20.525,2,184.725,18.0,0.0,41.05,0.0,0
851,0,4.0,31.275,4,2,S,male,3,35.275,6.0,8.0,33.275,35.275,6,125.1,8.0,16.0,62.55,125.1,8
271,0,,31.0,0,0,S,male,1,,,,31.0,31.0,0,,,,0.0,0.0,0
426,0,,7.25,0,0,S,male,3,,,,7.25,7.25,0,,,,0.0,0.0,0
106,0,28.0,7.8958,0,0,S,male,3,35.8958,28.0,28.0,7.8958,7.8958,0,221.0824,0.0,0.0,0.0,0.0,0
826,0,,6.95,0,0,Q,male,3,,,,6.95,6.95,0,,,,0.0,0.0,0
388,1,36.0,13.0,0,0,S,female,2,49.0,36.0,36.0,13.0,13.0,0,468.0,0.0,0.0,0.0,0.0,0
719,0,,15.5,0,0,Q,male,3,,,,15.5,15.5,0,,,,0.0,0.0,0
19,0,31.0,18.0,1,0,S,female,3,49.0,31.0,32.0,18.0,19.0,1,558.0,0.0,31.0,0.0,18.0,0
855,0,44.0,26.0,1,0,S,female,2,70.0,44.0,45.0,26.0,27.0,1,1144.0,0.0,44.0,0.0,26.0,0
482,0,,0.0,0,0,S,male,2,,,,0.0,0.0,0,,,,0.0,0.0,0
409,0,21.0,7.775,0,0,S,male,3,28.775,21.0,21.0,7.775,7.775,0,163.275,0.0,0.0,0.0,0.0,0
621,0,27.0,14.4542,1,0,C,male,3,41.4542,27.0,28.0,14.4542,15.4542,1,390.2634,0.0,27.0,0.0,14.4542,0
336,0,,7.8958,0,0,S,male,3,,,,7.8958,7.8958,0,,,,0.0,0.0,0
837,0,21.0,8.6625,0,0,S,male,3,29.6625,21.0,21.0,8.6625,8.6625,0,181.9125,0.0,0.0,0.0,0.0,0
27,0,,7.225,0,0,C,male,3,,,,7.225,7.225,0,,,,0.0,0.0,0
273,1,41.0,19.5,0,1,S,female,2,60.5,42.0,41.0,20.5,19.5,1,799.5,41.0,0.0,19.5,0.0,0
861,0,41.0,14.1083,2,0,S,male,3,55.1083,41.0,43.0,14.1083,16.1083,2,578.4403,0.0,82.0,0.0,28.2166,0
734,0,23.0,13.0,0,0,S,male,2,36.0,23.0,23.0,13.0,13.0,0,299.0,0.0,0.0,0.0,0.0,0
785,0,25.0,7.05,0,0,S,male,3,32.05,25.0,25.0,7.05,7.05,0,176.25,0.0,0.0,0.0,0.0,0
722,0,17.0,7.0542,1,0,S,male,3,24.0542,17.0,18.0,7.0542,8.0542,1,119.92139999999999,0.0,17.0,0.0,7.0542,0
783,0,29.0,30.0,0,0,S,male,1,59.0,29.0,29.0,30.0,30.0,0,870.0,0.0,0.0,0.0,0.0,0
339,1,45.0,8.05,0,0,S,male,3,53.05,45.0,45.0,8.05,8.05,0,362.25000000000006,0.0,0.0,0.0,0.0,0
470,1,0.75,19.2583,2,1,C,female,3,20.0083,1.75,2.75,20.2583,21.2583,3,14.443724999999999,0.75,1.5,19.2583,38.5166,2
647,0,19.0,7.8958,0,0,S,male,3,26.8958,19.0,19.0,7.8958,7.8958,0,150.02020000000002,0.0,0.0,0.0,0.0,0
305,0,,8.05,0,0,S,male,3,,,,8.05,8.05,0,,,,0.0,0.0,0
883,0,22.0,10.5167,0,0,S,female,3,32.5167,22.0,22.0,10.5167,10.5167,0,231.3674,0.0,0.0,0.0,0.0,0
399,0,23.0,10.5,0,0,S,male,2,33.5,23.0,23.0,10.5,10.5,0,241.5,0.0,0.0,0.0,0.0,0
159,0,,8.6625,0,0,S,male,3,,,,8.6625,8.6625,0,,,,0.0,0.0,0
145,0,18.0,11.5,0,0,S,male,2,29.5,18.0,18.0,11.5,11.5,0,207.0,0.0,0.0,0.0,0.0,0
860,0,,7.2292,0,0,C,male,3,,,,7.2292,7.2292,0,,,,0.0,0.0,0
177,0,,25.4667,3,1,S,male,3,,,,26.4667,28.4667,4,,,,25.4667,76.4001,3
323,1,30.0,12.35,0,0,Q,female,2,42.35,30.0,30.0,12.35,12.35,0,370.5,0.0,0.0,0.0,0.0,0
800,0,30.0,24.15,1,1,S,female,3,54.15,31.0,31.0,25.15,25.15,2,724.5,30.0,30.0,24.15,24.15,1
756,1,0.67,14.5,1,1,S,male,2,15.17,1.67,1.67,15.5,15.5,2,9.715,0.67,0.67,14.5,14.5,1
875,1,28.0,24.0,1,0,C,female,2,52.0,28.0,29.0,24.0,25.0,1,672.0,0.0,28.0,0.0,24.0,0
355,0,,7.225,0,0,C,male,3,,,,7.225,7.225,0,,,,0.0,0.0,0
817,0,23.0,7.925,0,0,S,female,3,30.925,23.0,23.0,7.925,7.925,0,182.275,0.0,0.0,0.0,0.0,0
659,0,23.0,13.0,0,0,S,male,2,36.0,23.0,23.0,13.0,13.0,0,299.0,0.0,0.0,0.0,0.0,0
683,0,20.0,9.225,0,0,S,male,3,29.225,20.0,20.0,9.225,9.225,0,184.5,0.0,0.0,0.0,0.0,0
25,0,8.0,21.075,3,1,S,female,3,29.075,9.0,11.0,22.075,24.075,4,168.6,8.0,24.0,21.075,63.224999999999994,3
378,0,27.0,211.5,0,2,C,male,1,238.5,29.0,27.0,213.5,211.5,2,5710.5,54.0,0.0,423.0,0.0,0
472,0,38.0,8.6625,0,0,S,male,3,46.6625,38.0,38.0,8.6625,8.6625,0,329.175,0.0,0.0,0.0,0.0,0
667,0,25.0,13.0,0,0,S,male,2,38.0,25.0,25.0,13.0,13.0,0,325.0,0.0,0.0,0.0,0.0,0
715,0,52.0,13.0,0,0,S,male,2,65.0,52.0,52.0,13.0,13.0,0,676.0,0.0,0.0,0.0,0.0,0
842,0,16.0,10.5,0,0,S,male,2,26.5,16.0,16.0,10.5,10.5,0,168.0,0.0,0.0,0.0,0.0,0
381,1,42.0,227.525,0,0,C,female,1,269.525,42.0,42.0,227.525,227.525,0,9556.050000000001,0.0,0.0,0.0,0.0,0
285,0,,26.0,0,0,S,male,1,,,,26.0,26.0,0,,,,0.0,0.0,0
728,1,,7.7375,0,0,Q,female,3,,,,7.7375,7.7375,0,,,,0.0,0.0,0
115,0,17.0,14.4583,0,0,C,female,3,31.4583,17.0,17.0,14.4583,14.4583,0,245.7911,0.0,0.0,0.0,0.0,0
438,1,24.0,18.75,2,3,S,female,2,42.75,27.0,26.0,21.75,20.75,5,450.0,72.0,48.0,56.25,37.5,6
317,1,24.0,26.0,1,0,S,female,2,50.0,24.0,25.0,26.0,27.0,1,624.0,0.0,24.0,0.0,26.0,0
454,1,49.0,89.1042,1,0,C,male,1,138.1042,49.0,50.0,89.1042,90.1042,1,4366.1058,0.0,49.0,0.0,89.1042,0
274,0,37.0,29.7,0,1,C,male,1,66.7,38.0,37.0,30.7,29.7,1,1098.8999999999999,37.0,0.0,29.7,0.0,0
344,0,25.0,13.0,0,0,S,male,2,38.0,25.0,25.0,13.0,13.0,0,325.0,0.0,0.0,0.0,0.0,0
202,0,,69.55,8,2,S,male,3,,,,71.55,77.55,10,,,,139.1,556.4,16
424,0,28.0,14.4,1,1,S,female,3,42.4,29.0,29.0,15.4,15.4,2,403.2,28.0,28.0,14.4,14.4,1
47,0,,15.5,1,0,Q,male,3,,,,15.5,16.5,1,,,,0.0,15.5,0
434,0,17.0,7.125,0,0,S,male,3,24.125,17.0,17.0,7.125,7.125,0,121.125,0.0,0.0,0.0,0.0,0
413,1,33.0,90.0,1,0,Q,female,1,123.0,33.0,34.0,90.0,91.0,1,2970.0,0.0,33.0,0.0,90.0,0
346,1,24.0,13.0,0,0,S,female,2,37.0,24.0,24.0,13.0,13.0,0,312.0,0.0,0.0,0.0,0.0,0
149,0,36.5,26.0,0,2,S,male,2,62.5,38.5,36.5,28.0,26.0,2,949.0,73.0,0.0,52.0,0.0,0
598,0,49.0,0.0,0,0,S,male,3,49.0,49.0,49.0,0.0,0.0,0,0.0,0.0,0.0,0.0,0.0,0
325,0,,69.55,8,2,S,male,3,,,,71.55,77.55,10,,,,139.1,556.4,16
95,0,59.0,7.25,0,0,S,male,3,66.25,59.0,59.0,7.25,7.25,0,427.75,0.0,0.0,0.0,0.0,0
714,0,29.0,9.4833,0,0,S,male,3,38.4833,29.0,29.0,9.4833,9.4833,0,275.0157,0.0,0.0,0.0,0.0,0
144,0,19.0,6.75,0,0,Q,male,3,25.75,19.0,19.0,6.75,6.75,0,128.25,0.0,0.0,0.0,0.0,0
533,0,17.0,7.2292,1,1,C,male,3,24.2292,18.0,18.0,8.229199999999999,8.229199999999999,2,122.8964,17.0,17.0,7.2292,7.2292,1
374,0,22.0,135.6333,0,0,C,male,1,157.6333,22.0,22.0,135.6333,135.6333,0,2983.9325999999996,0.0,0.0,0.0,0.0,0
554,1,22.0,7.225,0,0,C,male,3,29.225,22.0,22.0,7.225,7.225,0,158.95,0.0,0.0,0.0,0.0,0
725,1,27.0,53.1,1,0,S,male,1,80.1,27.0,28.0,53.1,54.1,1,1433.7,0.0,27.0,0.0,53.1,0
713,1,48.0,52.0,1,0,S,male,1,100.0,48.0,49.0,52.0,53.0,1,2496.0,0.0,48.0,0.0,52.0,0
481,0,9.0,46.9,5,2,S,male,3,55.9,11.0,14.0,48.9,51.9,7,422.09999999999997,18.0,45.0,93.8,234.5,10
669,0,43.0,8.05,0,0,S,male,3,51.05,43.0,43.0,8.05,8.05,0,346.15000000000003,0.0,0.0,0.0,0.0,0
182,0,,15.05,0,0,C,male,2,,,,15.05,15.05,0,,,,0.0,0.0,0
223,0,51.0,8.05,0,0,S,male,3,59.05,51.0,51.0,8.05,8.05,0,410.55,0.0,0.0,0.0,0.0,0
583,0,54.0,26.0,0,0,S,male,2,80.0,54.0,54.0,26.0,26.0,0,1404.0,0.0,0.0,0.0,0.0,0
395,1,24.0,16.7,0,2,S,female,3,40.7,26.0,24.0,18.7,16.7,2,400.79999999999995,48.0,0.0,33.4,0.0,0
332,0,45.5,28.5,0,0,S,male,1,74.0,45.5,45.5,28.5,28.5,0,1296.75,0.0,0.0,0.0,0.0,0
682,1,27.0,76.7292,0,0,C,male,1,103.7292,27.0,27.0,76.7292,76.7292,0,2071.6884,0.0,0.0,0.0,0.0,0
35,0,28.0,82.1708,1,0,C,male,1,110.1708,28.0,29.0,82.1708,83.1708,1,2300.7824,0.0,28.0,0.0,82.1708,0
840,1,,29.7,0,0,C,male,1,,,,29.7,29.7,0,,,,0.0,0.0,0
754,0,23.0,7.8958,0,0,S,male,3,30.8958,23.0,23.0,7.8958,7.8958,0,181.60340000000002,0.0,0.0,0.0,0.0,0
309,0,30.0,24.0,1,0,C,male,2,54.0,30.0,31.0,24.0,25.0,1,720.0,0.0,30.0,0.0,24.0,0
778,1,5.0,12.475,0,0,S,female,3,17.475,5.0,5.0,12.475,12.475,0,62.375,0.0,0.0,0.0,0.0,0
796,0,39.0,13.0,0,0,S,male,2,52.0,39.0,39.0,13.0,13.0,0,507.0,0.0,0.0,0.0,0.0,0
784,0,,23.45,1,2,S,male,3,,,,25.45,24.45,3,,,,46.9,23.45,2
870,1,4.0,11.1333,1,1,S,male,3,15.1333,5.0,5.0,12.1333,12.1333,2,44.5332,4.0,4.0,11.1333,11.1333,1
56,1,,35.5,0,0,S,male,1,,,,35.5,35.5,0,,,,0.0,0.0,0
561,0,,7.75,0,0,Q,male,3,,,,7.75,7.75,0,,,,0.0,0.0,0
629,0,26.0,7.8958,0,0,S,male,3,33.8958,26.0,26.0,7.8958,7.8958,0,205.29080000000002,0.0,0.0,0.0,0.0,0
279,0,7.0,29.125,4,1,Q,male,3,36.125,8.0,11.0,30.125,33.125,5,203.875,7.0,28.0,29.125,116.5,4
609,1,22.0,41.5792,1,2,C,female,2,63.5792,24.0,23.0,43.5792,42.5792,3,914.7424,44.0,22.0,83.1584,41.5792,2
660,0,58.0,113.275,0,2,C,male,1,171.275,60.0,58.0,115.275,113.275,2,6569.950000000001,116.0,0.0,226.55,0.0,0
623,1,20.0,15.7417,1,1,C,male,3,35.7417,21.0,21.0,16.7417,16.7417,2,314.834,20.0,20.0,15.7417,15.7417,1
538,1,30.0,106.425,0,0,C,female,1,136.425,30.0,30.0,106.425,106.425,0,3192.75,0.0,0.0,0.0,0.0,0
136,0,23.0,15.0458,0,0,C,male,2,38.0458,23.0,23.0,15.0458,15.0458,0,346.0534,0.0,0.0,0.0,0.0,0
162,1,40.0,15.75,0,0,S,female,2,55.75,40.0,40.0,15.75,15.75,0,630.0,0.0,0.0,0.0,0.0,0
462,0,34.0,8.05,0,0,S,male,3,42.05,34.0,34.0,8.05,8.05,0,273.70000000000005,0.0,0.0,0.0,0.0,0
200,0,24.0,13.0,0,0,S,female,2,37.0,24.0,24.0,13.0,13.0,0,312.0,0.0,0.0,0.0,0.0,0
357,1,22.0,55.0,0,1,S,female,1,77.0,23.0,22.0,56.0,55.0,1,1210.0,22.0,0.0,55.0,0.0,0
580,1,32.0,7.925,0,0,S,male,3,39.925,32.0,32.0,7.925,7.925,0,253.6,0.0,0.0,0.0,0.0,0
167,1,,55.0,0,1,S,female,1,,,,56.0,55.0,1,,,,55.0,0.0,0
116,0,21.0,7.925,0,0,S,male,3,28.925,21.0,21.0,7.925,7.925,0,166.42499999999998,0.0,0.0,0.0,0.0,0
521,1,30.0,93.5,0,0,S,female,1,123.5,30.0,30.0,93.5,93.5,0,2805.0,0.0,0.0,0.0,0.0,0
440,0,31.0,10.5,0,0,S,male,2,41.5,31.0,31.0,10.5,10.5,0,325.5,0.0,0.0,0.0,0.0,0
889,0,,23.45,1,2,S,female,3,,,,25.45,24.45,3,,,,46.9,23.45,2
674,1,31.0,13.0,0,0,S,male,2,44.0,31.0,31.0,13.0,13.0,0,403.0,0.0,0.0,0.0,0.0,0
208,1,26.0,18.7875,0,0,C,male,3,44.7875,26.0,26.0,18.7875,18.7875,0,488.475,0.0,0.0,0.0,0.0,0
300,1,50.0,247.5208,0,1,C,female,1,297.5208,51.0,50.0,248.5208,247.5208,1,12376.04,50.0,0.0,247.5208,0.0,0
684,0,14.0,46.9,5,2,S,male,3,60.9,16.0,19.0,48.9,51.9,7,656.6,28.0,70.0,93.8,234.5,10
299,1,,30.5,0,0,S,male,1,,,,30.5,30.5,0,,,,0.0,0.0,0
324,1,22.0,29.0,1,1,S,female,2,51.0,23.0,23.0,30.0,30.0,2,638.0,22.0,22.0,29.0,29.0,1
329,1,31.0,20.525,1,1,S,female,3,51.525,32.0,32.0,21.525,21.525,2,636.275,31.0,31.0,20.525,20.525,1
625,0,21.0,16.1,0,0,S,male,3,37.1,21.0,21.0,16.1,16.1,0,338.1,0.0,0.0,0.0,0.0,0
61,0,22.0,7.2292,0,0,C,male,3,29.2292,22.0,22.0,7.2292,7.2292,0,159.0424,0.0,0.0,0.0,0.0,0
130,0,45.0,6.975,0,0,S,male,3,51.975,45.0,45.0,6.975,6.975,0,313.875,0.0,0.0,0.0,0.0,0
94,0,26.0,20.575,1,2,S,male,3,46.575,28.0,27.0,22.575,21.575,3,534.9499999999999,52.0,26.0,41.15,20.575,2
137,1,19.0,26.2833,0,2,S,female,1,45.2833,21.0,19.0,28.2833,26.2833,2,499.3827,38.0,0.0,52.5666,0.0,0
347,1,40.0,13.0,0,0,S,female,2,53.0,40.0,40.0,13.0,13.0,0,520.0,0.0,0.0,0.0,0.0,0
591,0,35.0,7.125,0,0,S,male,3,42.125,35.0,35.0,7.125,7.125,0,249.375,0.0,0.0,0.0,0.0,0
386,0,18.0,73.5,0,0,S,male,2,91.5,18.0,18.0,73.5,73.5,0,1323.0,0.0,0.0,0.0,0.0,0
204,0,45.5,7.225,0,0,C,male,3,52.725,45.5,45.5,7.225,7.225,0,328.7375,0.0,0.0,0.0,0.0,0
198,0,42.0,8.4042,0,1,S,male,3,50.4042,43.0,42.0,9.4042,8.4042,1,352.97639999999996,42.0,0.0,8.4042,0.0,0
668,0,,7.775,0,0,S,male,3,,,,7.775,7.775,0,,,,0.0,0.0,0
102,0,,7.8958,0,0,S,male,3,,,,7.8958,7.8958,0,,,,0.0,0.0,0
408,1,3.0,18.75,1,1,S,male,2,21.75,4.0,4.0,19.75,19.75,2,56.25,3.0,3.0,18.75,18.75,1
8,0,2.0,21.075,3,1,S,male,3,23.075,3.0,5.0,22.075,24.075,4,42.15,2.0,6.0,21.075,63.224999999999994,3
120,0,2.0,31.275,4,2,S,female,3,33.275,4.0,6.0,33.275,35.275,6,62.55,4.0,8.0,62.55,125.1,8
877,0,20.0,9.8458,0,0,S,male,3,29.8458,20.0,20.0,9.8458,9.8458,0,196.916,0.0,0.0,0.0,0.0,0
322,0,27.0,7.8958,0,0,S,male,3,34.8958,27.0,27.0,7.8958,7.8958,0,213.1866,0.0,0.0,0.0,0.0,0
709,1,22.0,151.55,0,0,S,female,1,173.55,22.0,22.0,151.55,151.55,0,3334.1000000000004,0.0,0.0,0.0,0.0,0
52,0,21.0,7.8,0,0,S,male,3,28.8,21.0,21.0,7.8,7.8,0,163.79999999999998,0.0,0.0,0.0,0.0,0
746,0,70.0,71.0,1,1,S,male,1,141.0,71.0,71.0,72.0,72.0,2,4970.0,70.0,70.0,71.0,71.0,1
369,1,,7.75,0,0,Q,female,3,,,,7.75,7.75,0,,,,0.0,0.0,0
838,0,,8.05,0,0,S,male,3,,,,8.05,8.05,0,,,,0.0,0.0,0
335,1,,133.65,1,0,S,female,1,,,,133.65,134.65,1,,,,0.0,133.65,0
42,0,27.0,21.0,1,0,S,female,2,48.0,27.0,28.0,21.0,22.0,1,567.0,0.0,27.0,0.0,21.0,0
257,1,,79.2,0,0,C,female,1,,,,79.2,79.2,0,,,,0.0,0.0,0
463,0,47.0,38.5,0,0,S,male,1,85.5,47.0,47.0,38.5,38.5,0,1809.5,0.0,0.0,0.0,0.0,0
506,0,18.0,108.9,1,0,C,male,1,126.9,18.0,19.0,108.9,109.9,1,1960.2,0.0,18.0,0.0,108.9,0
24,1,28.0,35.5,0,0,S,male,1,63.5,28.0,28.0,35.5,35.5,0,994.0,0.0,0.0,0.0,0.0,0
183,0,9.0,31.3875,4,2,S,male,3,40.3875,11.0,13.0,33.3875,35.3875,6,282.4875,18.0,36.0,62.775,125.55,8
258,1,30.0,86.5,0,0,S,female,1,116.5,30.0,30.0,86.5,86.5,0,2595.0,0.0,0.0,0.0,0.0,0
236,0,,7.55,0,0,S,female,3,,,,7.55,7.55,0,,,,0.0,0.0,0
797,1,49.0,25.9292,0,0,S,female,1,74.92920000000001,49.0,49.0,25.9292,25.9292,0,1270.5308,0.0,0.0,0.0,0.0,0
341,1,2.0,26.0,1,1,S,male,2,28.0,3.0,3.0,27.0,27.0,2,52.0,2.0,2.0,26.0,26.0,1
735,0,23.0,13.0,0,0,S,male,2,36.0,23.0,23.0,13.0,13.0,0,299.0,0.0,0.0,0.0,0.0,0
503,0,,7.6292,0,0,Q,female,3,,,,7.6292,7.6292,0,,,,0.0,0.0,0
676,0,18.0,7.775,0,0,S,male,3,25.775,18.0,18.0,7.775,7.775,0,139.95000000000002,0.0,0.0,0.0,0.0,0
40,1,14.0,11.2417,1,0,C,female,3,25.2417,14.0,15.0,11.2417,12.2417,1,157.3838,0.0,14.0,0.0,11.2417,0
442,0,20.0,9.5,0,0,S,male,3,29.5,20.0,20.0,9.5,9.5,0,190.0,0.0,0.0,0.0,0.0,0
53,1,49.0,76.7292,1,0,C,female,1,125.7292,49.0,50.0,76.7292,77.7292,1,3759.7308000000003,0.0,49.0,0.0,76.7292,0
606,0,36.0,15.55,1,0,S,male,3,51.55,36.0,37.0,15.55,16.55,1,559.8000000000001,0.0,36.0,0.0,15.55,0
398,0,46.0,26.0,0,0,S,male,2,72.0,46.0,46.0,26.0,26.0,0,1196.0,0.0,0.0,0.0,0.0,0
6,0,,8.4583,0,0,Q,male,3,,,,8.4583,8.4583,0,,,,0.0,0.0,0
492,0,21.0,7.25,0,0,S,male,3,28.25,21.0,21.0,7.25,7.25,0,152.25,0.0,0.0,0.0,0.0,0
294,0,24.0,8.85,0,0,S,female,3,32.85,24.0,24.0,8.85,8.85,0,212.39999999999998,0.0,0.0,0.0,0.0,0
825,0,2.0,39.6875,4,1,S,male,3,41.6875,3.0,6.0,40.6875,43.6875,5,79.375,2.0,8.0,39.6875,158.75,4
134,1,29.0,26.0,1,0,S,female,2,55.0,29.0,30.0,26.0,27.0,1,754.0,0.0,29.0,0.0,26.0,0
526,0,40.5,7.75,0,0,Q,male,3,48.25,40.5,40.5,7.75,7.75,0,313.875,0.0,0.0,0.0,0.0,0
205,1,18.0,8.05,0,0,S,male,3,26.05,18.0,18.0,8.05,8.05,0,144.9,0.0,0.0,0.0,0.0,0
586,1,18.0,79.65,0,2,S,female,1,97.65,20.0,18.0,81.65,79.65,2,1433.7,36.0,0.0,159.3,0.0,0
749,0,19.0,53.1,1,0,S,male,1,72.1,19.0,20.0,53.1,54.1,1,1008.9,0.0,19.0,0.0,53.1,0
556,0,62.0,26.55,0,0,S,male,1,88.55,62.0,62.0,26.55,26.55,0,1646.1000000000001,0.0,0.0,0.0,0.0,0
365,0,,15.5,1,0,Q,male,3,,,,15.5,16.5,1,,,,0.0,15.5,0
321,0,22.0,7.25,0,0,S,male,3,29.25,22.0,22.0,7.25,7.25,0,159.5,0.0,0.0,0.0,0.0,0
835,0,18.0,8.3,0,0,S,male,3,26.3,18.0,18.0,8.3,8.3,0,149.4,0.0,0.0,0.0,0.0,0
543,0,11.0,31.275,4,2,S,female,3,42.275,13.0,15.0,33.275,35.275,6,344.025,22.0,44.0,62.55,125.1,8
41,0,40.0,9.475,1,0,S,female,3,49.475,40.0,41.0,9.475,10.475,1,379.0,0.0,40.0,0.0,9.475,0
620,0,26.0,10.5,0,0,S,male,2,36.5,26.0,26.0,10.5,10.5,0,273.0,0.0,0.0,0.0,0.0,0
457,0,65.0,26.55,0,0,S,male,1,91.55,65.0,65.0,26.55,26.55,0,1725.75,0.0,0.0,0.0,0.0,0
71,0,32.0,10.5,0,0,S,male,2,42.5,32.0,32.0,10.5,10.5,0,336.0,0.0,0.0,0.0,0.0,0
578,1,39.0,55.9,1,0,S,female,1,94.9,39.0,40.0,55.9,56.9,1,2180.1,0.0,39.0,0.0,55.9,0
391,1,36.0,120.0,1,2,S,male,1,156.0,38.0,37.0,122.0,121.0,3,4320.0,72.0,36.0,240.0,120.0,2
128,1,24.0,7.1417,0,0,S,male,3,31.1417,24.0,24.0,7.1417,7.1417,0,171.4008,0.0,0.0,0.0,0.0,0
847,0,,69.55,8,2,S,male,3,,,,71.55,77.55,10,,,,139.1,556.4,16
59,1,5.0,27.75,1,2,S,female,2,32.75,7.0,6.0,29.75,28.75,3,138.75,10.0,5.0,55.5,27.75,2
281,0,65.0,7.75,0,0,Q,male,3,72.75,65.0,65.0,7.75,7.75,0,503.75,0.0,0.0,0.0,0.0,0
589,0,22.0,8.05,0,0,S,male,3,30.05,22.0,22.0,8.05,8.05,0,177.10000000000002,0.0,0.0,0.0,0.0,0
873,0,33.0,5.0,0,0,S,male,1,38.0,33.0,33.0,5.0,5.0,0,165.0,0.0,0.0,0.0,0.0,0
753,0,33.0,9.5,0,0,S,male,3,42.5,33.0,33.0,9.5,9.5,0,313.5,0.0,0.0,0.0,0.0,0
437,0,21.0,34.375,2,2,S,female,3,55.375,23.0,23.0,36.375,36.375,4,721.875,42.0,42.0,68.75,68.75,4
759,0,34.0,8.05,0,0,S,male,3,42.05,34.0,34.0,8.05,8.05,0,273.70000000000005,0.0,0.0,0.0,0.0,0
731,1,29.0,211.3375,0,0,S,female,1,240.3375,29.0,29.0,211.3375,211.3375,0,6128.7875,0.0,0.0,0.0,0.0,0
407,0,51.0,7.75,0,0,S,male,3,58.75,51.0,51.0,7.75,7.75,0,395.25,0.0,0.0,0.0,0.0,0
520,0,32.0,7.8958,0,0,S,male,3,39.8958,32.0,32.0,7.8958,7.8958,0,252.6656,0.0,0.0,0.0,0.0,0
316,1,26.0,7.8542,0,0,S,female,3,33.8542,26.0,26.0,7.8542,7.8542,0,204.20919999999998,0.0,0.0,0.0,0.0,0
415,1,44.0,7.925,0,0,S,male,3,51.925,44.0,44.0,7.925,7.925,0,348.7,0.0,0.0,0.0,0.0,0
76,0,25.0,7.65,0,0,S,male,3,32.65,25.0,25.0,7.65,7.65,0,191.25,0.0,0.0,0.0,0.0,0
613,1,,15.5,1,0,Q,female,3,,,,15.5,16.5,1,,,,0.0,15.5,0
402,0,26.0,8.05,0,0,S,male,3,34.05,26.0,26.0,8.05,8.05,0,209.3,0.0,0.0,0.0,0.0,0
758,0,18.0,11.5,0,0,S,male,2,29.5,18.0,18.0,11.5,11.5,0,207.0,0.0,0.0,0.0,0.0,0
658,0,32.0,15.5,1,1,Q,female,3,47.5,33.0,33.0,16.5,16.5,2,496.0,32.0,32.0,15.5,15.5,1
389,0,,7.7292,0,0,Q,male,3,,,,7.7292,7.7292,0,,,,0.0,0.0,0
242,1,,15.5,1,0,Q,female,3,,,,15.5,16.5,1,,,,0.0,15.5,0
885,0,25.0,7.05,0,0,S,male,3,32.05,25.0,25.0,7.05,7.05,0,176.25,0.0,0.0,0.0,0.0,0
729,0,25.0,26.0,1,0,S,male,2,51.0,25.0,26.0,26.0,27.0,1,650.0,0.0,25.0,0.0,26.0,0
39,0,18.0,18.0,2,0,S,female,3,36.0,18.0,20.0,18.0,20.0,2,324.0,0.0,36.0,0.0,36.0,0
291,1,26.0,78.85,0,0,S,female,1,104.85,26.0,26.0,78.85,78.85,0,2050.1,0.0,0.0,0.0,0.0,0
515,0,24.0,7.4958,0,0,S,male,3,31.4958,24.0,24.0,7.4958,7.4958,0,179.8992,0.0,0.0,0.0,0.0,0
550,1,8.0,36.75,1,1,S,male,2,44.75,9.0,9.0,37.75,37.75,2,294.0,8.0,8.0,36.75,36.75,1
337,0,29.0,66.6,1,0,S,male,1,95.6,29.0,30.0,66.6,67.6,1,1931.3999999999999,0.0,29.0,0.0,66.6,0
298,0,2.0,151.55,1,2,S,female,1,153.55,4.0,3.0,153.55,152.55,3,303.1,4.0,2.0,303.1,151.55,2
82,1,29.0,9.5,0,0,S,male,3,38.5,29.0,29.0,9.5,9.5,0,275.5,0.0,0.0,0.0,0.0,0
212,1,35.0,21.0,0,0,S,female,2,56.0,35.0,35.0,21.0,21.0,0,735.0,0.0,0.0,0.0,0.0,0
447,1,13.0,19.5,0,1,S,female,2,32.5,14.0,13.0,20.5,19.5,1,253.5,13.0,0.0,19.5,0.0,0
665,1,20.0,7.925,1,0,S,male,3,27.925,20.0,21.0,7.925,8.925,1,158.5,0.0,20.0,0.0,7.925,0
210,1,40.0,31.0,0,0,C,male,1,71.0,40.0,40.0,31.0,31.0,0,1240.0,0.0,0.0,0.0,0.0,0
449,1,5.0,19.2583,2,1,C,female,3,24.2583,6.0,7.0,20.2583,21.2583,3,96.29149999999998,5.0,10.0,19.2583,38.5166,2
567,0,19.0,7.8958,0,0,S,male,3,26.8958,19.0,19.0,7.8958,7.8958,0,150.02020000000002,0.0,0.0,0.0,0.0,0
794,0,,30.6958,0,0,C,male,1,,,,30.6958,30.6958,0,,,,0.0,0.0,0
153,0,55.5,8.05,0,0,S,male,3,63.55,55.5,55.5,8.05,8.05,0,446.77500000000003,0.0,0.0,0.0,0.0,0
303,0,19.0,0.0,0,0,S,male,3,19.0,19.0,19.0,0.0,0.0,0,0.0,0.0,0.0,0.0,0.0,0
38,0,21.0,8.05,0,0,S,male,3,29.05,21.0,21.0,8.05,8.05,0,169.05,0.0,0.0,0.0,0.0,0
98,1,23.0,63.3583,0,1,C,male,1,86.3583,24.0,23.0,64.3583,63.3583,1,1457.2409,23.0,0.0,63.3583,0.0,0
417,1,34.0,32.5,1,1,S,female,2,66.5,35.0,35.0,33.5,33.5,2,1105.0,34.0,34.0,32.5,32.5,1
292,1,19.0,91.0792,1,0,C,female,1,110.0792,19.0,20.0,91.0792,92.0792,1,1730.5048,0.0,19.0,0.0,91.0792,0
314,0,28.0,7.8958,0,0,S,male,3,35.8958,28.0,28.0,7.8958,7.8958,0,221.0824,0.0,0.0,0.0,0.0,0
267,0,16.0,39.6875,4,1,S,male,3,55.6875,17.0,20.0,40.6875,43.6875,5,635.0,16.0,64.0,39.6875,158.75,4
732,0,11.0,18.7875,0,0,C,male,3,29.7875,11.0,11.0,18.7875,18.7875,0,206.66250000000002,0.0,0.0,0.0,0.0,0
456,1,29.0,7.8958,0,0,C,male,3,36.8958,29.0,29.0,7.8958,7.8958,0,228.97820000000002,0.0,0.0,0.0,0.0,0
841,0,20.0,7.925,0,0,S,male,3,27.925,20.0,20.0,7.925,7.925,0,158.5,0.0,0.0,0.0,0.0,0
121,0,21.0,73.5,2,0,S,male,2,94.5,21.0,23.0,73.5,75.5,2,1543.5,0.0,42.0,0.0,147.0,0
822,1,27.0,8.6625,0,0,S,male,3,35.6625,27.0,27.0,8.6625,8.6625,0,233.8875,0.0,0.0,0.0,0.0,0
237,0,44.0,26.0,1,0,S,male,2,70.0,44.0,45.0,26.0,27.0,1,1144.0,0.0,44.0,0.0,26.0,0
348,1,,16.1,1,0,S,female,3,,,,16.1,17.1,1,,,,0.0,16.1,0
275,1,,7.75,0,0,Q,female,3,,,,7.75,7.75,0,,,,0.0,0.0,0
530,0,23.0,11.5,2,1,S,male,2,34.5,24.0,25.0,12.5,13.5,3,264.5,23.0,46.0,11.5,23.0,2
760,1,33.0,86.5,0,0,S,female,1,119.5,33.0,33.0,86.5,86.5,0,2854.5,0.0,0.0,0.0,0.0,0
532,0,,7.2292,0,0,C,male,3,,,,7.2292,7.2292,0,,,,0.0,0.0,0
227,1,19.0,10.5,0,0,S,male,2,29.5,19.0,19.0,10.5,10.5,0,199.5,0.0,0.0,0.0,0.0,0
884,0,28.0,10.5,0,0,S,male,2,38.5,28.0,28.0,10.5,10.5,0,294.0,0.0,0.0,0.0,0.0,0
637,0,32.0,7.925,0,0,S,male,3,39.925,32.0,32.0,7.925,7.925,0,253.6,0.0,0.0,0.0,0.0,0
718,1,27.0,10.5,0,0,S,female,2,37.5,27.0,27.0,10.5,10.5,0,283.5,0.0,0.0,0.0,0.0,0
278,0,,0.0,0,0,S,male,2,,,,0.0,0.0,0,,,,0.0,0.0,0
81,0,22.0,9.0,0,0,S,male,3,31.0,22.0,22.0,9.0,9.0,0,198.0,0.0,0.0,0.0,0.0,0
358,0,38.0,13.0,0,0,S,female,2,51.0,38.0,38.0,13.0,13.0,0,494.0,0.0,0.0,0.0,0.0,0
766,1,51.0,77.9583,1,0,S,female,1,128.9583,51.0,52.0,77.9583,78.9583,1,3975.8732999999997,0.0,51.0,0.0,77.9583,0
548,1,,13.8625,0,0,C,male,2,,,,13.8625,13.8625,0,,,,0.0,0.0,0
721,1,6.0,33.0,0,1,S,female,2,39.0,7.0,6.0,34.0,33.0,1,198.0,6.0,0.0,33.0,0.0,0
505,1,16.0,86.5,0,0,S,female,1,102.5,16.0,16.0,86.5,86.5,0,1384.0,0.0,0.0,0.0,0.0,0
60,0,11.0,46.9,5,2,S,male,3,57.9,13.0,16.0,48.9,51.9,7,515.9,22.0,55.0,93.8,234.5,10
180,0,36.0,0.0,0,0,S,male,3,36.0,36.0,36.0,0.0,0.0,0,0.0,0.0,0.0,0.0,0.0,0
691,1,31.0,57.0,1,0,S,male,1,88.0,31.0,32.0,57.0,58.0,1,1767.0,0.0,31.0,0.0,57.0,0
124,1,32.5,13.0,0,0,S,female,2,45.5,32.5,32.5,13.0,13.0,0,422.5,0.0,0.0,0.0,0.0,0
218,0,42.0,27.0,1,0,S,male,2,69.0,42.0,43.0,27.0,28.0,1,1134.0,0.0,42.0,0.0,27.0,0
626,0,61.0,32.3208,0,0,S,male,1,93.32079999999999,61.0,61.0,32.3208,32.3208,0,1971.5688,0.0,0.0,0.0,0.0,0
165,0,1.0,39.6875,4,1,S,male,3,40.6875,2.0,5.0,40.6875,43.6875,5,39.6875,1.0,4.0,39.6875,158.75,4
419,0,30.0,13.0,0,0,S,male,2,43.0,30.0,30.0,13.0,13.0,0,390.0,0.0,0.0,0.0,0.0,0
246,0,44.0,90.0,2,0,Q,male,1,134.0,44.0,46.0,90.0,92.0,2,3960.0,0.0,88.0,0.0,180.0,0
801,0,34.0,13.0,0,0,S,male,2,47.0,34.0,34.0,13.0,13.0,0,442.0,0.0,0.0,0.0,0.0,0
787,1,18.0,7.4958,0,0,S,female,3,25.4958,18.0,18.0,7.4958,7.4958,0,134.9244,0.0,0.0,0.0,0.0,0
509,0,28.0,22.525,0,0,S,male,3,50.525,28.0,28.0,22.525,22.525,0,630.6999999999999,0.0,0.0,0.0,0.0,0
776,0,18.0,7.75,0,0,S,male,3,25.75,18.0,18.0,7.75,7.75,0,139.5,0.0,0.0,0.0,0.0,0
333,0,38.0,153.4625,0,1,S,male,1,191.4625,39.0,38.0,154.4625,153.4625,1,5831.575,38.0,0.0,153.4625,0.0,0
619,1,4.0,39.0,2,1,S,female,2,43.0,5.0,6.0,40.0,41.0,3,156.0,4.0,8.0,39.0,78.0,2
528,0,,221.7792,0,0,S,male,1,,,,221.7792,221.7792,0,,,,0.0,0.0,0
597,1,,33.0,0,0,S,female,2,,,,33.0,33.0,0,,,,0.0,0.0,0
495,0,21.0,8.05,0,0,S,male,3,29.05,21.0,21.0,8.05,8.05,0,169.05,0.0,0.0,0.0,0.0,0
328,1,36.0,13.0,0,0,S,female,2,49.0,36.0,36.0,13.0,13.0,0,468.0,0.0,0.0,0.0,0.0,0
788,0,8.0,29.125,4,1,Q,male,3,37.125,9.0,12.0,30.125,33.125,5,233.0,8.0,32.0,29.125,116.5,4
622,1,42.0,52.5542,1,0,S,male,1,94.55420000000001,42.0,43.0,52.5542,53.5542,1,2207.2764,0.0,42.0,0.0,52.5542,0
68,0,19.0,8.1583,0,0,S,male,3,27.1583,19.0,19.0,8.1583,8.1583,0,155.0077,0.0,0.0,0.0,0.0,0
832,1,0.83,18.75,1,1,S,male,2,19.58,1.83,1.83,19.75,19.75,2,15.5625,0.83,0.83,18.75,18.75,1
786,0,25.0,7.25,0,0,S,male,3,32.25,25.0,25.0,7.25,7.25,0,181.25,0.0,0.0,0.0,0.0,0
632,0,51.0,7.0542,0,0,S,male,3,58.0542,51.0,51.0,7.0542,7.0542,0,359.7642,0.0,0.0,0.0,0.0,0
733,0,,0.0,0,0,S,male,2,,,,0.0,0.0,0,,,,0.0,0.0,0
256,1,29.0,15.2458,0,2,C,female,3,44.2458,31.0,29.0,17.2458,15.2458,2,442.1282,58.0,0.0,30.4916,0.0,0
494,0,71.0,49.5042,0,0,C,male,1,120.5042,71.0,71.0,49.5042,49.5042,0,3514.7981999999997,0.0,0.0,0.0,0.0,0
468,0,56.0,26.55,0,0,S,male,1,82.55,56.0,56.0,26.55,26.55,0,1486.8,0.0,0.0,0.0,0.0,0
594,0,,7.75,0,2,Q,female,3,,,,9.75,7.75,2,,,,15.5,0.0,0
48,1,,7.75,0,0,Q,female,3,,,,7.75,7.75,0,,,,0.0,0.0,0
507,1,33.0,26.0,0,2,S,female,2,59.0,35.0,33.0,28.0,26.0,2,858.0,66.0,0.0,52.0,0.0,0
542,0,9.0,31.275,4,2,S,female,3,40.275,11.0,13.0,33.275,35.275,6,281.47499999999997,18.0,36.0,62.55,125.1,8
410,0,,25.4667,3,1,S,female,3,,,,26.4667,28.4667,4,,,,25.4667,76.4001,3
207,0,32.0,15.85,1,0,S,male,3,47.85,32.0,33.0,15.85,16.85,1,507.2,0.0,32.0,0.0,15.85,0
238,1,8.0,26.25,0,2,S,female,2,34.25,10.0,8.0,28.25,26.25,2,210.0,16.0,0.0,52.5,0.0,0
806,0,31.0,7.775,0,0,S,male,3,38.775,31.0,31.0,7.775,7.775,0,241.025,0.0,0.0,0.0,0.0,0
859,1,24.0,19.2583,0,3,C,female,3,43.2583,27.0,24.0,22.2583,19.2583,3,462.19919999999996,72.0,0.0,57.774899999999995,0.0,0
688,0,19.0,10.1708,0,0,S,male,3,29.1708,19.0,19.0,10.1708,10.1708,0,193.2452,0.0,0.0,0.0,0.0,0
451,0,36.0,27.75,1,2,S,male,2,63.75,38.0,37.0,29.75,28.75,3,999.0,72.0,36.0,55.5,27.75,2
458,1,,51.8625,1,0,S,female,1,,,,51.8625,52.8625,1,,,,0.0,51.8625,0
810,1,33.0,53.1,1,0,S,female,1,86.1,33.0,34.0,53.1,54.1,1,1752.3,0.0,33.0,0.0,53.1,0
614,0,,7.75,0,0,Q,male,3,,,,7.75,7.75,0,,,,0.0,0.0,0
654,1,,7.8292,0,0,Q,female,3,,,,7.8292,7.8292,0,,,,0.0,0.0,0
268,1,25.0,7.775,1,0,S,male,3,32.775,25.0,26.0,7.775,8.775,1,194.375,0.0,25.0,0.0,7.775,0
630,0,,7.7333,0,0,Q,male,3,,,,7.7333,7.7333,0,,,,0.0,0.0,0
726,0,20.0,8.6625,0,0,S,male,3,28.6625,20.0,20.0,8.6625,8.6625,0,173.25,0.0,0.0,0.0,0.0,0
602,0,,7.8958,0,0,S,male,3,,,,7.8958,7.8958,0,,,,0.0,0.0,0
798,1,31.0,8.6833,0,0,S,female,3,39.6833,31.0,31.0,8.6833,8.6833,0,269.1823,0.0,0.0,0.0,0.0,0
289,1,42.0,13.0,0,0,S,male,2,55.0,42.0,42.0,13.0,13.0,0,546.0,0.0,0.0,0.0,0.0,0
618,0,26.0,16.1,1,0,S,female,3,42.1,26.0,27.0,16.1,17.1,1,418.6,0.0,26.0,0.0,16.1,0
359,1,,7.8792,0,0,Q,female,3,,,,7.8792,7.8792,0,,,,0.0,0.0,0
741,1,,30.0,0,0,S,male,1,,,,30.0,30.0,0,,,,0.0,0.0,0
425,0,18.0,20.2125,1,1,S,male,3,38.2125,19.0,19.0,21.2125,21.2125,2,363.825,18.0,18.0,20.2125,20.2125,1
221,1,16.0,8.05,0,0,S,male,3,24.05,16.0,16.0,8.05,8.05,0,128.8,0.0,0.0,0.0,0.0,0
453,0,30.0,27.75,0,0,C,male,1,57.75,30.0,30.0,27.75,27.75,0,832.5,0.0,0.0,0.0,0.0,0
455,0,,8.05,0,0,S,male,3,,,,8.05,8.05,0,,,,0.0,0.0,0
852,0,74.0,7.775,0,0,S,male,3,81.775,74.0,74.0,7.775,7.775,0,575.35,0.0,0.0,0.0,0.0,0
570,1,32.0,7.8542,0,0,S,male,3,39.8542,32.0,32.0,7.8542,7.8542,0,251.3344,0.0,0.0,0.0,0.0,0
704,0,25.0,7.7417,0,0,Q,male,3,32.7417,25.0,25.0,7.7417,7.7417,0,193.5425,0.0,0.0,0.0,0.0,0
160,0,,69.55,8,2,S,male,3,,,,71.55,77.55,10,,,,139.1,556.4,16
471,0,,7.25,0,0,S,male,3,,,,7.25,7.25,0,,,,0.0,0.0,0
241,0,,14.4542,1,0,C,female,3,,,,14.4542,15.4542,1,,,,0.0,14.4542,0
370,1,24.0,69.3,0,0,C,female,1,93.3,24.0,24.0,69.3,69.3,0,1663.1999999999998,0.0,0.0,0.0,0.0,0
276,1,63.0,77.9583,1,0,S,female,1,140.9583,63.0,64.0,77.9583,78.9583,1,4911.372899999999,0.0,63.0,0.0,77.9583,0
504,0,37.0,9.5875,0,0,S,female,3,46.5875,37.0,37.0,9.5875,9.5875,0,354.7375,0.0,0.0,0.0,0.0,0
617,0,34.0,14.4,1,1,S,male,3,48.4,35.0,35.0,15.4,15.4,2,489.6,34.0,34.0,14.4,14.4,1
465,0,,8.05,0,0,S,male,3,,,,8.05,8.05,0,,,,0.0,0.0,0
643,0,2.0,27.9,3,2,S,female,3,29.9,4.0,5.0,29.9,30.9,5,55.8,4.0,6.0,55.8,83.69999999999999,6
608,1,27.0,30.5,0,0,S,male,1,57.5,27.0,27.0,30.5,30.5,0,823.5,0.0,0.0,0.0,0.0,0
498,0,,15.1,0,0,S,male,3,,,,15.1,15.1,0,,,,0.0,0.0,0
96,0,,8.05,0,0,S,male,3,,,,8.05,8.05,0,,,,0.0,0.0,0
695,0,60.0,26.55,0,0,S,male,1,86.55,60.0,60.0,26.55,26.55,0,1593.0,0.0,0.0,0.0,0.0,0
519,1,36.0,26.0,1,0,S,female,2,62.0,36.0,37.0,26.0,27.0,1,936.0,0.0,36.0,0.0,26.0,0
387,0,1.0,46.9,5,2,S,male,3,47.9,3.0,6.0,48.9,51.9,7,46.9,2.0,5.0,93.8,234.5,10
140,0,24.0,79.2,0,0,C,male,1,103.2,24.0,24.0,79.2,79.2,0,1900.8000000000002,0.0,0.0,0.0,0.0,0
334,0,16.0,18.0,2,0,S,male,3,34.0,16.0,18.0,18.0,20.0,2,288.0,0.0,32.0,0.0,36.0,0
679,0,43.0,46.9,1,6,S,female,3,89.9,49.0,44.0,52.9,47.9,7,2016.7,258.0,43.0,281.4,46.9,6
500,0,24.0,7.7958,0,0,S,male,3,31.7958,24.0,24.0,7.7958,7.7958,0,187.0992,0.0,0.0,0.0,0.0,0
757,0,28.0,7.7958,0,0,S,male,3,35.7958,28.0,28.0,7.7958,7.7958,0,218.2824,0.0,0.0,0.0,0.0,0
188,1,45.0,26.55,0,0,S,male,1,71.55,45.0,45.0,26.55,26.55,0,1194.75,0.0,0.0,0.0,0.0,0
110,1,,24.15,1,0,Q,female,3,,,,24.15,25.15,1,,,,0.0,24.15,0
793,0,,69.55,8,2,S,female,3,,,,71.55,77.55,10,,,,139.1,556.4,16
156,0,51.0,61.3792,0,1,C,male,1,112.3792,52.0,51.0,62.3792,61.3792,1,3130.3392,51.0,0.0,61.3792,0.0,0
689,0,18.0,7.7958,0,0,S,male,3,25.7958,18.0,18.0,7.7958,7.7958,0,140.3244,0.0,0.0,0.0,0.0,0
672,0,31.0,52.0,1,0,S,male,1,83.0,31.0,32.0,52.0,53.0,1,1612.0,0.0,31.0,0.0,52.0,0
343,0,28.0,13.0,0,0,S,male,2,41.0,28.0,28.0,13.0,13.0,0,364.0,0.0,0.0,0.0,0.0,0
79,1,0.83,29.0,0,2,S,male,2,29.83,2.83,0.83,31.0,29.0,2,24.07,1.66,0.0,58.0,0.0,0
193,1,19.0,7.8542,1,0,S,female,3,26.8542,19.0,20.0,7.8542,8.854199999999999,1,149.22979999999998,0.0,19.0,0.0,7.8542,0
63,0,45.0,83.475,1,0,S,male,1,128.475,45.0,46.0,83.475,84.475,1,3756.3749999999995,0.0,45.0,0.0,83.475,0
213,0,22.0,7.25,0,0,S,male,3,29.25,22.0,22.0,7.25,7.25,0,159.5,0.0,0.0,0.0,0.0,0
867,1,27.0,13.8583,1,0,C,female,2,40.8583,27.0,28.0,13.8583,14.8583,1,374.1741,0.0,27.0,0.0,13.8583,0
890,1,26.0,30.0,0,0,C,male,1,56.0,26.0,26.0,30.0,30.0,0,780.0,0.0,0.0,0.0,0.0,0
488,0,58.0,29.7,0,0,C,male,1,87.7,58.0,58.0,29.7,29.7,0,1722.6,0.0,0.0,0.0,0.0,0
436,1,14.0,120.0,1,2,S,female,1,134.0,16.0,15.0,122.0,121.0,3,1680.0,28.0,14.0,240.0,120.0,2
234,1,5.0,31.3875,4,2,S,female,3,36.3875,7.0,9.0,33.3875,35.3875,6,156.9375,10.0,20.0,62.775,125.55,8
624,0,21.0,7.8542,0,0,S,male,3,28.8542,21.0,21.0,7.8542,7.8542,0,164.9382,0.0,0.0,0.0,0.0,0
552,0,27.0,26.0,0,0,S,male,2,53.0,27.0,27.0,26.0,26.0,0,702.0,0.0,0.0,0.0,0.0,0
132,0,20.0,7.05,0,0,S,male,3,27.05,20.0,20.0,7.05,7.05,0,141.0,0.0,0.0,0.0,0.0,0
445,1,,8.1125,0,0,S,male,3,,,,8.1125,8.1125,0,,,,0.0,0.0,0
307,1,,110.8833,0,0,C,female,1,,,,110.8833,110.8833,0,,,,0.0,0.0,0
473,1,33.0,27.75,1,2,S,female,2,60.75,35.0,34.0,29.75,28.75,3,915.75,66.0,33.0,55.5,27.75,2
891,0,32.0,7.75,0,0,Q,male,3,39.75,32.0,32.0,7.75,7.75,0,248.0,0.0,0.0,0.0,0.0,0
296,0,,27.7208,0,0,C,male,1,,,,27.7208,27.7208,0,,,,0.0,0.0,0
423,0,29.0,7.875,0,0,S,male,3,36.875,29.0,29.0,7.875,7.875,0,228.375,0.0,0.0,0.0,0.0,0
856,1,18.0,9.35,0,1,S,female,3,27.35,19.0,18.0,10.35,9.35,1,168.29999999999998,18.0,0.0,9.35,0.0,0
513,1,36.0,26.2875,0,0,S,male,1,62.2875,36.0,36.0,26.2875,26.2875,0,946.35,0.0,0.0,0.0,0.0,0
112,0,14.5,14.4542,1,0,C,female,3,28.9542,14.5,15.5,14.4542,15.4542,1,209.5859,0.0,14.5,0.0,14.4542,0
418,1,18.0,13.0,0,2,S,female,2,31.0,20.0,18.0,15.0,13.0,2,234.0,36.0,0.0,26.0,0.0,0
811,0,26.0,7.8875,0,0,S,male,3,33.8875,26.0,26.0,7.8875,7.8875,0,205.07500000000002,0.0,0.0,0.0,0.0,0
420,0,10.0,24.15,0,2,S,female,3,34.15,12.0,10.0,26.15,24.15,2,241.5,20.0,0.0,48.3,0.0,0
464,0,48.0,13.0,0,0,S,male,2,61.0,48.0,48.0,13.0,13.0,0,624.0,0.0,0.0,0.0,0.0,0
512,0,,8.05,0,0,S,male,3,,,,8.05,8.05,0,,,,0.0,0.0,0
752,1,6.0,12.475,0,1,S,male,3,18.475,7.0,6.0,13.475,12.475,1,74.85,6.0,0.0,12.475,0.0,0
349,1,3.0,15.9,1,1,S,male,3,18.9,4.0,4.0,16.9,16.9,2,47.7,3.0,3.0,15.9,15.9,1
251,0,,7.25,0,0,S,male,3,,,,7.25,7.25,0,,,,0.0,0.0,0
829,1,,7.75,0,0,Q,male,3,,,,7.75,7.75,0,,,,0.0,0.0,0
441,1,45.0,26.25,1,1,S,female,2,71.25,46.0,46.0,27.25,27.25,2,1181.25,45.0,45.0,26.25,26.25,1
354,0,25.0,17.8,1,0,S,male,3,42.8,25.0,26.0,17.8,18.8,1,445.0,0.0,25.0,0.0,17.8,0
28,0,19.0,263.0,3,2,S,male,1,282.0,21.0,22.0,265.0,266.0,5,4997.0,38.0,57.0,526.0,789.0,6
866,1,42.0,13.0,0,0,S,female,2,55.0,42.0,42.0,13.0,13.0,0,546.0,0.0,0.0,0.0,0.0,0
230,0,,25.4667,3,1,S,female,3,,,,26.4667,28.4667,4,,,,25.4667,76.4001,3
51,0,7.0,39.6875,4,1,S,male,3,46.6875,8.0,11.0,40.6875,43.6875,5,277.8125,7.0,28.0,39.6875,158.75,4
661,1,50.0,133.65,2,0,S,male,1,183.65,50.0,52.0,133.65,135.65,2,6682.5,0.0,100.0,0.0,267.3,0
692,1,4.0,13.4167,0,1,C,female,3,17.4167,5.0,4.0,14.4167,13.4167,1,53.6668,4.0,0.0,13.4167,0.0,0
569,0,,7.2292,0,0,C,male,3,,,,7.2292,7.2292,0,,,,0.0,0.0,0
491,0,,19.9667,1,0,S,male,3,,,,19.9667,20.9667,1,,,,0.0,19.9667,0
646,1,48.0,76.7292,1,0,C,male,1,124.7292,48.0,49.0,76.7292,77.7292,1,3683.0016000000005,0.0,48.0,0.0,76.7292,0
664,0,36.0,7.4958,0,0,S,male,3,43.4958,36.0,36.0,7.4958,7.4958,0,269.8488,0.0,0.0,0.0,0.0,0
338,1,41.0,134.5,0,0,C,female,1,175.5,41.0,41.0,134.5,134.5,0,5514.5,0.0,0.0,0.0,0.0,0
534,1,,22.3583,0,2,C,female,3,,,,24.3583,22.3583,2,,,,44.7166,0.0,0
284,1,19.0,8.05,0,0,S,male,3,27.05,19.0,19.0,8.05,8.05,0,152.95000000000002,0.0,0.0,0.0,0.0,0
146,0,19.0,36.75,1,1,S,male,2,55.75,20.0,20.0,37.75,37.75,2,698.25,19.0,19.0,36.75,36.75,1
848,0,35.0,7.8958,0,0,C,male,3,42.8958,35.0,35.0,7.8958,7.8958,0,276.353,0.0,0.0,0.0,0.0,0
678,1,18.0,9.8417,0,0,S,female,3,27.8417,18.0,18.0,9.8417,9.8417,0,177.1506,0.0,0.0,0.0,0.0,0
736,0,28.5,16.1,0,0,S,male,3,44.6,28.5,28.5,16.1,16.1,0,458.85,0.0,0.0,0.0,0.0,0
390,1,17.0,12.0,0,0,C,female,2,29.0,17.0,17.0,12.0,12.0,0,204.0,0.0,0.0,0.0,0.0,0
740,0,,7.8958,0,0,S,male,3,,,,7.8958,7.8958,0,,,,0.0,0.0,0
422,0,21.0,7.7333,0,0,Q,male,3,28.7333,21.0,21.0,7.7333,7.7333,0,162.39929999999998,0.0,0.0,0.0,0.0,0
114,0,20.0,9.825,1,0,S,female,3,29.825,20.0,21.0,9.825,10.825,1,196.5,0.0,20.0,0.0,9.825,0
404,0,28.0,15.85,1,0,S,male,3,43.85,28.0,29.0,15.85,16.85,1,443.8,0.0,28.0,0.0,15.85,0
739,0,,7.8958,0,0,S,male,3,,,,7.8958,7.8958,0,,,,0.0,0.0,0
11,1,4.0,16.7,1,1,S,female,3,20.7,5.0,5.0,17.7,17.7,2,66.8,4.0,4.0,16.7,16.7,1
576,0,19.0,14.5,0,0,S,male,3,33.5,19.0,19.0,14.5,14.5,0,275.5,0.0,0.0,0.0,0.0,0
651,0,,7.8958,0,0,S,male,3,,,,7.8958,7.8958,0,,,,0.0,0.0,0
523,0,,7.225,0,0,C,male,3,,,,7.225,7.225,0,,,,0.0,0.0,0
293,0,36.0,12.875,0,0,C,male,2,48.875,36.0,36.0,12.875,12.875,0,463.5,0.0,0.0,0.0,0.0,0
350,0,42.0,8.6625,0,0,S,male,3,50.6625,42.0,42.0,8.6625,8.6625,0,363.825,0.0,0.0,0.0,0.0,0
815,0,30.5,8.05,0,0,S,male,3,38.55,30.5,30.5,8.05,8.05,0,245.52500000000003,0.0,0.0,0.0,0.0,0
